[orchestrate] SLACK_BOT_TOKEN not set; Slack visibility disabled
[2026-05-17T14:35:57.210Z] sweep m2-optimistic-writes: pending=5 error=1
[orchestrate] exit-on-error: 1 task(s) transitioned to error this run (m2-mutation-engine); planner's turn. See handoffs/<task>-failure.md for each. Re-run 'bun cli.ts run' after reacting (in-flight workers reattach via recoverRunning).
[orchestrate] SLACK_BOT_TOKEN not set; Slack visibility disabled
[2026-05-17T14:37:51.038Z] sweep m2-optimistic-writes: pending=5 running=1
[2026-05-17T14:38:01.040Z] sweep m2-optimistic-writes: pending=5 running=1
[2026-05-17T14:38:11.041Z] sweep m2-optimistic-writes: pending=5 running=1
[2026-05-17T14:38:21.042Z] sweep m2-optimistic-writes: pending=5 running=1
[2026-05-17T14:38:31.045Z] sweep m2-optimistic-writes: pending=5 running=1
[2026-05-17T14:38:41.045Z] sweep m2-optimistic-writes: pending=5 running=1
[2026-05-17T14:38:51.045Z] sweep m2-optimistic-writes: pending=5 running=1
[2026-05-17T14:39:01.047Z] sweep m2-optimistic-writes: pending=5 running=1
[2026-05-17T14:39:11.048Z] sweep m2-optimistic-writes: pending=5 running=1
[2026-05-17T14:39:21.050Z] sweep m2-optimistic-writes: pending=5 running=1
[2026-05-17T14:39:31.051Z] sweep m2-optimistic-writes: pending=5 running=1
[2026-05-17T14:39:41.052Z] sweep m2-optimistic-writes: pending=5 running=1
[2026-05-17T14:39:51.053Z] sweep m2-optimistic-writes: pending=5 running=1
[2026-05-17T14:40:01.054Z] sweep m2-optimistic-writes: pending=5 running=1
[2026-05-17T14:40:11.055Z] sweep m2-optimistic-writes: pending=5 running=1
[2026-05-17T14:40:21.056Z] sweep m2-optimistic-writes: pending=5 running=1
[2026-05-17T14:40:31.058Z] sweep m2-optimistic-writes: pending=5 running=1
[2026-05-17T14:40:41.059Z] sweep m2-optimistic-writes: pending=5 running=1
[2026-05-17T14:40:51.061Z] sweep m2-optimistic-writes: pending=5 running=1
[2026-05-17T14:41:01.064Z] sweep m2-optimistic-writes: pending=5 running=1
[2026-05-17T14:41:11.065Z] sweep m2-optimistic-writes: pending=5 running=1
[2026-05-17T14:41:21.068Z] sweep m2-optimistic-writes: pending=5 running=1
[2026-05-17T14:41:31.069Z] sweep m2-optimistic-writes: pending=5 running=1
[2026-05-17T14:41:41.069Z] sweep m2-optimistic-writes: pending=5 running=1
[2026-05-17T14:41:51.071Z] sweep m2-optimistic-writes: pending=5 running=1
[2026-05-17T14:42:01.072Z] sweep m2-optimistic-writes: pending=5 running=1
[2026-05-17T14:42:11.073Z] sweep m2-optimistic-writes: pending=5 running=1
[2026-05-17T14:42:21.074Z] sweep m2-optimistic-writes: pending=5 running=1
[2026-05-17T14:42:31.076Z] sweep m2-optimistic-writes: pending=5 running=1
[2026-05-17T14:42:41.076Z] sweep m2-optimistic-writes: pending=5 running=1
[2026-05-17T14:42:51.077Z] sweep m2-optimistic-writes: pending=5 running=1
[2026-05-17T14:43:01.079Z] sweep m2-optimistic-writes: pending=5 running=1
[2026-05-17T14:43:11.081Z] sweep m2-optimistic-writes: pending=5 running=1
[2026-05-17T14:43:21.082Z] sweep m2-optimistic-writes: pending=5 running=1
[2026-05-17T14:43:31.084Z] sweep m2-optimistic-writes: pending=5 running=1
[2026-05-17T14:43:41.085Z] sweep m2-optimistic-writes: pending=5 running=1
[2026-05-17T14:43:51.087Z] sweep m2-optimistic-writes: pending=5 running=1
[2026-05-17T14:44:01.088Z] sweep m2-optimistic-writes: pending=5 running=1
[2026-05-17T14:44:11.090Z] sweep m2-optimistic-writes: pending=5 running=1
[2026-05-17T14:44:21.090Z] sweep m2-optimistic-writes: pending=5 running=1
[2026-05-17T14:44:31.091Z] sweep m2-optimistic-writes: pending=5 running=1
[2026-05-17T14:44:41.094Z] sweep m2-optimistic-writes: pending=5 running=1
[2026-05-17T14:44:51.095Z] sweep m2-optimistic-writes: pending=5 running=1
[2026-05-17T14:45:01.096Z] sweep m2-optimistic-writes: pending=5 running=1
[2026-05-17T14:45:11.097Z] sweep m2-optimistic-writes: pending=5 running=1
[2026-05-17T14:45:21.098Z] sweep m2-optimistic-writes: pending=5 running=1
[2026-05-17T14:45:31.100Z] sweep m2-optimistic-writes: pending=5 running=1
[2026-05-17T14:45:41.102Z] sweep m2-optimistic-writes: pending=5 running=1
[2026-05-17T14:45:51.104Z] sweep m2-optimistic-writes: pending=5 running=1
[2026-05-17T14:46:01.106Z] sweep m2-optimistic-writes: pending=5 running=1
[2026-05-17T14:46:11.108Z] sweep m2-optimistic-writes: pending=5 running=1
[2026-05-17T14:46:21.108Z] sweep m2-optimistic-writes: pending=5 running=1
[2026-05-17T14:46:31.109Z] sweep m2-optimistic-writes: pending=5 running=1
[2026-05-17T14:46:41.110Z] sweep m2-optimistic-writes: pending=5 running=1
[2026-05-17T14:46:51.115Z] sweep m2-optimistic-writes: pending=5 running=1
[2026-05-17T14:47:01.116Z] sweep m2-optimistic-writes: pending=5 running=1
[2026-05-17T14:47:11.118Z] sweep m2-optimistic-writes: pending=5 running=1
[2026-05-17T14:47:21.120Z] sweep m2-optimistic-writes: pending=5 running=1
[2026-05-17T14:47:31.120Z] sweep m2-optimistic-writes: pending=5 running=1
[2026-05-17T14:47:41.122Z] sweep m2-optimistic-writes: pending=5 running=1
[2026-05-17T14:47:51.123Z] sweep m2-optimistic-writes: pending=5 running=1
[2026-05-17T14:48:01.125Z] sweep m2-optimistic-writes: pending=5 running=1
[2026-05-17T14:48:11.127Z] sweep m2-optimistic-writes: pending=5 running=1
[2026-05-17T14:48:21.129Z] sweep m2-optimistic-writes: pending=5 running=1
[2026-05-17T14:48:31.129Z] sweep m2-optimistic-writes: pending=5 running=1
[2026-05-17T14:48:41.133Z] sweep m2-optimistic-writes: pending=5 running=1
[2026-05-17T14:48:51.133Z] sweep m2-optimistic-writes: pending=5 running=1
[2026-05-17T14:49:01.135Z] sweep m2-optimistic-writes: pending=5 running=1
[2026-05-17T14:49:11.137Z] sweep m2-optimistic-writes: pending=5 running=1
[2026-05-17T14:49:21.139Z] sweep m2-optimistic-writes: pending=5 running=1
[2026-05-17T14:49:31.140Z] sweep m2-optimistic-writes: pending=5 running=1
[2026-05-17T14:49:41.142Z] sweep m2-optimistic-writes: pending=5 running=1
[2026-05-17T14:49:51.145Z] sweep m2-optimistic-writes: pending=5 running=1
[2026-05-17T14:50:01.146Z] sweep m2-optimistic-writes: pending=5 running=1
[2026-05-17T14:50:11.147Z] sweep m2-optimistic-writes: pending=5 running=1
[2026-05-17T14:50:21.149Z] sweep m2-optimistic-writes: pending=5 running=1
[2026-05-17T14:50:31.151Z] sweep m2-optimistic-writes: pending=5 running=1
[2026-05-17T14:50:41.152Z] sweep m2-optimistic-writes: pending=5 running=1
[2026-05-17T14:50:51.154Z] sweep m2-optimistic-writes: pending=5 running=1
[2026-05-17T14:51:01.155Z] sweep m2-optimistic-writes: pending=5 running=1
[2026-05-17T14:51:11.156Z] sweep m2-optimistic-writes: pending=5 running=1
[2026-05-17T14:51:21.156Z] sweep m2-optimistic-writes: pending=5 running=1
[2026-05-17T14:51:31.157Z] sweep m2-optimistic-writes: pending=5 running=1
[2026-05-17T14:51:41.157Z] sweep m2-optimistic-writes: pending=5 running=1
[2026-05-17T14:51:51.158Z] sweep m2-optimistic-writes: pending=5 running=1
[2026-05-17T14:52:01.158Z] sweep m2-optimistic-writes: pending=5 running=1
[2026-05-17T14:52:11.159Z] sweep m2-optimistic-writes: pending=5 running=1
[2026-05-17T14:52:21.159Z] sweep m2-optimistic-writes: pending=5 running=1
[2026-05-17T14:52:31.160Z] sweep m2-optimistic-writes: pending=5 running=1
[2026-05-17T14:52:41.160Z] sweep m2-optimistic-writes: pending=5 running=1
[2026-05-17T14:52:51.161Z] sweep m2-optimistic-writes: pending=5 running=1
[2026-05-17T14:53:01.161Z] sweep m2-optimistic-writes: pending=5 running=1
[2026-05-17T14:53:11.162Z] sweep m2-optimistic-writes: pending=5 running=1
[2026-05-17T14:53:21.163Z] sweep m2-optimistic-writes: pending=5 running=1
[2026-05-17T14:53:31.165Z] sweep m2-optimistic-writes: pending=5 running=1
[2026-05-17T14:53:41.166Z] sweep m2-optimistic-writes: pending=5 running=1
[2026-05-17T14:53:51.171Z] sweep m2-optimistic-writes: pending=5 running=1
[2026-05-17T14:54:01.172Z] sweep m2-optimistic-writes: pending=5 running=1
[2026-05-17T14:54:11.172Z] sweep m2-optimistic-writes: pending=5 running=1
[2026-05-17T14:54:21.173Z] sweep m2-optimistic-writes: pending=5 running=1
[2026-05-17T14:54:31.174Z] sweep m2-optimistic-writes: pending=5 running=1
[2026-05-17T14:54:41.176Z] sweep m2-optimistic-writes: pending=5 running=1
[2026-05-17T14:54:51.177Z] sweep m2-optimistic-writes: pending=5 running=1
[2026-05-17T14:55:01.178Z] sweep m2-optimistic-writes: pending=5 running=1
[2026-05-17T14:55:11.179Z] sweep m2-optimistic-writes: pending=5 running=1
[2026-05-17T14:55:21.179Z] sweep m2-optimistic-writes: pending=5 running=1
[2026-05-17T14:55:31.180Z] sweep m2-optimistic-writes: pending=5 running=1
[2026-05-17T14:55:41.182Z] sweep m2-optimistic-writes: pending=5 running=1
[2026-05-17T14:55:51.182Z] sweep m2-optimistic-writes: pending=5 running=1
[2026-05-17T14:56:01.184Z] sweep m2-optimistic-writes: pending=5 running=1
[2026-05-17T14:56:11.185Z] sweep m2-optimistic-writes: pending=5 running=1
[2026-05-17T14:56:21.186Z] sweep m2-optimistic-writes: pending=5 running=1
[2026-05-17T14:56:31.187Z] sweep m2-optimistic-writes: pending=5 running=1
[2026-05-17T14:56:41.189Z] sweep m2-optimistic-writes: pending=5 running=1
[2026-05-17T14:56:51.190Z] sweep m2-optimistic-writes: pending=5 running=1
[2026-05-17T14:57:01.192Z] sweep m2-optimistic-writes: pending=5 running=1
[2026-05-17T14:57:11.193Z] sweep m2-optimistic-writes: pending=5 running=1
[2026-05-17T14:57:21.194Z] sweep m2-optimistic-writes: pending=5 running=1
[2026-05-17T14:57:31.194Z] sweep m2-optimistic-writes: pending=5 running=1
[2026-05-17T14:57:41.195Z] sweep m2-optimistic-writes: pending=5 running=1
[2026-05-17T14:57:51.196Z] sweep m2-optimistic-writes: pending=5 running=1
[2026-05-17T14:58:01.197Z] sweep m2-optimistic-writes: pending=5 running=1
[2026-05-17T14:58:11.199Z] sweep m2-optimistic-writes: pending=5 running=1
[2026-05-17T14:58:21.199Z] sweep m2-optimistic-writes: pending=5 running=1
[2026-05-17T14:58:31.201Z] sweep m2-optimistic-writes: pending=5 running=1
[2026-05-17T14:58:41.201Z] sweep m2-optimistic-writes: pending=5 running=1
[2026-05-17T14:58:51.203Z] sweep m2-optimistic-writes: pending=5 running=1
[2026-05-17T14:59:01.204Z] sweep m2-optimistic-writes: pending=5 running=1
[2026-05-17T14:59:11.206Z] sweep m2-optimistic-writes: pending=5 running=1
[2026-05-17T14:59:21.206Z] sweep m2-optimistic-writes: pending=5 running=1
[2026-05-17T14:59:31.207Z] sweep m2-optimistic-writes: pending=5 running=1
[2026-05-17T14:59:41.210Z] sweep m2-optimistic-writes: pending=5 running=1
[2026-05-17T14:59:51.210Z] sweep m2-optimistic-writes: pending=5 running=1
[2026-05-17T15:00:01.211Z] sweep m2-optimistic-writes: pending=5 running=1
[2026-05-17T15:00:11.213Z] sweep m2-optimistic-writes: pending=5 running=1
[2026-05-17T15:00:21.213Z] sweep m2-optimistic-writes: pending=5 running=1
[2026-05-17T15:00:31.214Z] sweep m2-optimistic-writes: pending=5 running=1
[2026-05-17T15:00:41.216Z] sweep m2-optimistic-writes: pending=5 running=1
[2026-05-17T15:00:51.216Z] sweep m2-optimistic-writes: pending=5 running=1
[2026-05-17T15:01:01.217Z] sweep m2-optimistic-writes: pending=5 running=1
[2026-05-17T15:01:11.219Z] sweep m2-optimistic-writes: pending=5 running=1
[2026-05-17T15:01:21.220Z] sweep m2-optimistic-writes: pending=5 running=1
[2026-05-17T15:01:31.220Z] sweep m2-optimistic-writes: pending=5 running=1
[2026-05-17T15:01:41.223Z] sweep m2-optimistic-writes: pending=5 running=1
[2026-05-17T15:01:51.224Z] sweep m2-optimistic-writes: pending=5 running=1
[2026-05-17T15:02:01.225Z] sweep m2-optimistic-writes: pending=5 running=1
[2026-05-17T15:02:11.227Z] sweep m2-optimistic-writes: pending=5 running=1
[2026-05-17T15:02:21.227Z] sweep m2-optimistic-writes: pending=5 running=1
[2026-05-17T15:02:31.228Z] sweep m2-optimistic-writes: pending=5 running=1
[2026-05-17T15:02:41.230Z] sweep m2-optimistic-writes: pending=5 running=1
[2026-05-17T15:02:51.231Z] sweep m2-optimistic-writes: pending=5 running=1
[2026-05-17T15:03:01.231Z] sweep m2-optimistic-writes: pending=5 running=1
[2026-05-17T15:03:11.234Z] sweep m2-optimistic-writes: pending=5 running=1
[2026-05-17T15:03:21.235Z] sweep m2-optimistic-writes: pending=5 running=1
[2026-05-17T15:03:31.236Z] sweep m2-optimistic-writes: pending=5 running=1
[2026-05-17T15:03:41.240Z] sweep m2-optimistic-writes: pending=5 running=1
[2026-05-17T15:03:51.241Z] sweep m2-optimistic-writes: pending=5 running=1
[2026-05-17T15:04:01.242Z] sweep m2-optimistic-writes: pending=5 running=1
[2026-05-17T15:04:11.245Z] sweep m2-optimistic-writes: pending=5 running=1
[2026-05-17T15:04:21.245Z] sweep m2-optimistic-writes: pending=5 running=1
[2026-05-17T15:04:31.246Z] sweep m2-optimistic-writes: pending=5 running=1
[2026-05-17T15:04:41.249Z] sweep m2-optimistic-writes: pending=5 running=1
[2026-05-17T15:04:51.250Z] sweep m2-optimistic-writes: pending=5 running=1
[2026-05-17T15:05:01.250Z] sweep m2-optimistic-writes: pending=5 running=1
[2026-05-17T15:05:11.254Z] sweep m2-optimistic-writes: pending=5 running=1
[2026-05-17T15:05:21.254Z] sweep m2-optimistic-writes: pending=5 running=1
[2026-05-17T15:05:31.255Z] sweep m2-optimistic-writes: pending=5 running=1
[2026-05-17T15:05:41.258Z] sweep m2-optimistic-writes: pending=5 running=1
[2026-05-17T15:05:51.259Z] sweep m2-optimistic-writes: pending=5 running=1
[2026-05-17T15:06:01.260Z] sweep m2-optimistic-writes: pending=5 running=1
[2026-05-17T15:06:11.262Z] sweep m2-optimistic-writes: pending=5 running=1
[2026-05-17T15:06:21.264Z] sweep m2-optimistic-writes: pending=5 running=1
[2026-05-17T15:06:31.265Z] sweep m2-optimistic-writes: pending=5 running=1
[2026-05-17T15:06:41.267Z] sweep m2-optimistic-writes: pending=5 running=1
[2026-05-17T15:06:51.268Z] sweep m2-optimistic-writes: pending=5 running=1
[2026-05-17T15:07:01.269Z] sweep m2-optimistic-writes: pending=5 running=1
[2026-05-17T15:07:11.271Z] sweep m2-optimistic-writes: pending=5 running=1
[2026-05-17T15:07:21.273Z] sweep m2-optimistic-writes: pending=5 running=1
[2026-05-17T15:07:31.274Z] sweep m2-optimistic-writes: pending=5 running=1
[2026-05-17T15:07:41.276Z] sweep m2-optimistic-writes: pending=5 running=1
[2026-05-17T15:07:51.277Z] sweep m2-optimistic-writes: pending=5 running=1
[2026-05-17T15:08:01.278Z] sweep m2-optimistic-writes: pending=5 running=1
[2026-05-17T15:08:11.279Z] sweep m2-optimistic-writes: pending=5 running=1
[2026-05-17T15:08:21.281Z] sweep m2-optimistic-writes: pending=5 running=1
[2026-05-17T15:08:31.282Z] sweep m2-optimistic-writes: pending=5 running=1
[2026-05-17T15:08:41.284Z] sweep m2-optimistic-writes: pending=5 running=1
[2026-05-17T15:08:51.285Z] sweep m2-optimistic-writes: pending=5 running=1
[2026-05-17T15:09:01.286Z] sweep m2-optimistic-writes: pending=5 running=1
[2026-05-17T15:09:11.287Z] sweep m2-optimistic-writes: pending=5 running=1
[2026-05-17T15:09:21.288Z] sweep m2-optimistic-writes: pending=5 running=1
[2026-05-17T15:09:31.289Z] sweep m2-optimistic-writes: pending=5 running=1
[2026-05-17T15:09:41.291Z] sweep m2-optimistic-writes: pending=5 running=1
[2026-05-17T15:09:51.292Z] sweep m2-optimistic-writes: pending=5 running=1
[2026-05-17T15:10:01.294Z] sweep m2-optimistic-writes: pending=5 running=1
[2026-05-17T15:10:11.296Z] sweep m2-optimistic-writes: pending=5 running=1
[2026-05-17T15:10:21.297Z] sweep m2-optimistic-writes: pending=5 running=1
[2026-05-17T15:10:31.297Z] sweep m2-optimistic-writes: pending=5 running=1
[2026-05-17T15:10:41.300Z] sweep m2-optimistic-writes: pending=5 running=1
[2026-05-17T15:10:51.301Z] sweep m2-optimistic-writes: pending=5 running=1
[2026-05-17T15:11:01.303Z] sweep m2-optimistic-writes: pending=5 running=1
[2026-05-17T15:11:11.305Z] sweep m2-optimistic-writes: pending=5 running=1
[2026-05-17T15:11:21.306Z] sweep m2-optimistic-writes: pending=5 running=1
[2026-05-17T15:11:31.307Z] sweep m2-optimistic-writes: pending=5 running=1
[2026-05-17T15:11:41.309Z] sweep m2-optimistic-writes: pending=5 running=1
[2026-05-17T15:11:51.310Z] sweep m2-optimistic-writes: pending=5 running=1
[2026-05-17T15:12:01.312Z] sweep m2-optimistic-writes: pending=5 running=1
[2026-05-17T15:12:11.314Z] sweep m2-optimistic-writes: pending=5 running=1
[2026-05-17T15:12:21.316Z] sweep m2-optimistic-writes: pending=5 running=1
[2026-05-17T15:12:31.317Z] sweep m2-optimistic-writes: pending=5 running=1
[2026-05-17T15:12:41.320Z] sweep m2-optimistic-writes: pending=5 running=1
[2026-05-17T15:12:51.322Z] sweep m2-optimistic-writes: pending=5 running=1
[2026-05-17T15:13:01.324Z] sweep m2-optimistic-writes: pending=5 running=1
[2026-05-17T15:13:11.326Z] sweep m2-optimistic-writes: pending=5 running=1
[2026-05-17T15:13:21.327Z] sweep m2-optimistic-writes: pending=5 running=1
[2026-05-17T15:13:31.328Z] sweep m2-optimistic-writes: pending=5 running=1
[2026-05-17T15:13:41.329Z] sweep m2-optimistic-writes: pending=5 running=1
[2026-05-17T15:13:51.331Z] sweep m2-optimistic-writes: pending=5 running=1
[2026-05-17T15:14:01.333Z] sweep m2-optimistic-writes: pending=5 running=1
[2026-05-17T15:14:11.334Z] sweep m2-optimistic-writes: pending=5 running=1
[2026-05-17T15:14:21.335Z] sweep m2-optimistic-writes: pending=5 running=1
[2026-05-17T15:14:31.336Z] sweep m2-optimistic-writes: pending=5 running=1
[2026-05-17T15:14:41.337Z] sweep m2-optimistic-writes: pending=5 running=1
[2026-05-17T15:14:51.338Z] sweep m2-optimistic-writes: pending=5 running=1
[2026-05-17T15:15:01.340Z] sweep m2-optimistic-writes: pending=5 running=1
[2026-05-17T15:15:11.342Z] sweep m2-optimistic-writes: pending=5 running=1
[2026-05-17T15:15:21.343Z] sweep m2-optimistic-writes: pending=5 running=1
[2026-05-17T15:15:31.344Z] sweep m2-optimistic-writes: pending=5 running=1
[2026-05-17T15:15:41.346Z] sweep m2-optimistic-writes: pending=5 running=1
[2026-05-17T15:15:51.347Z] sweep m2-optimistic-writes: pending=5 running=1
[2026-05-17T15:16:01.349Z] sweep m2-optimistic-writes: pending=5 running=1
[2026-05-17T15:16:11.351Z] sweep m2-optimistic-writes: pending=5 running=1
[2026-05-17T15:16:21.351Z] sweep m2-optimistic-writes: pending=5 running=1
[2026-05-17T15:16:31.352Z] sweep m2-optimistic-writes: pending=5 running=1
[2026-05-17T15:16:41.354Z] sweep m2-optimistic-writes: pending=5 running=1
[2026-05-17T15:16:51.355Z] sweep m2-optimistic-writes: pending=5 running=1
[2026-05-17T15:17:01.357Z] sweep m2-optimistic-writes: pending=5 running=1
[2026-05-17T15:17:11.359Z] sweep m2-optimistic-writes: pending=5 running=1
[2026-05-17T15:17:21.360Z] sweep m2-optimistic-writes: pending=5 running=1
[2026-05-17T15:17:31.361Z] sweep m2-optimistic-writes: pending=5 running=1
[2026-05-17T15:17:41.362Z] sweep m2-optimistic-writes: pending=5 running=1
[2026-05-17T15:17:51.362Z] sweep m2-optimistic-writes: pending=5 running=1
[2026-05-17T15:18:01.363Z] sweep m2-optimistic-writes: pending=5 running=1
[2026-05-17T15:18:11.365Z] sweep m2-optimistic-writes: pending=5 running=1
[2026-05-17T15:18:21.366Z] sweep m2-optimistic-writes: pending=5 running=1
[2026-05-17T15:18:31.368Z] sweep m2-optimistic-writes: pending=5 running=1
[2026-05-17T15:18:41.370Z] sweep m2-optimistic-writes: pending=5 running=1
[2026-05-17T15:18:51.371Z] sweep m2-optimistic-writes: pending=5 running=1
[2026-05-17T15:19:01.373Z] sweep m2-optimistic-writes: pending=5 running=1
[2026-05-17T15:19:11.375Z] sweep m2-optimistic-writes: pending=5 running=1
[2026-05-17T15:19:21.375Z] sweep m2-optimistic-writes: pending=5 running=1
[2026-05-17T15:19:31.377Z] sweep m2-optimistic-writes: pending=5 running=1
[2026-05-17T15:19:41.379Z] sweep m2-optimistic-writes: pending=5 running=1
[2026-05-17T15:19:51.380Z] sweep m2-optimistic-writes: pending=5 running=1
[2026-05-17T15:20:01.382Z] sweep m2-optimistic-writes: pending=5 running=1
[2026-05-17T15:20:11.383Z] sweep m2-optimistic-writes: pending=5 running=1
[2026-05-17T15:20:21.384Z] sweep m2-optimistic-writes: pending=5 running=1
[2026-05-17T15:20:31.385Z] sweep m2-optimistic-writes: pending=5 running=1
[2026-05-17T15:20:41.387Z] sweep m2-optimistic-writes: pending=5 running=1
[2026-05-17T15:20:51.388Z] sweep m2-optimistic-writes: pending=5 running=1
[2026-05-17T15:21:01.391Z] sweep m2-optimistic-writes: pending=5 running=1
[2026-05-17T15:21:11.393Z] sweep m2-optimistic-writes: pending=5 running=1
[2026-05-17T15:21:21.394Z] sweep m2-optimistic-writes: pending=5 running=1
[2026-05-17T15:21:31.394Z] sweep m2-optimistic-writes: pending=5 running=1
[2026-05-17T15:21:41.398Z] sweep m2-optimistic-writes: pending=5 running=1
[2026-05-17T15:21:51.399Z] sweep m2-optimistic-writes: pending=5 running=1
[2026-05-17T15:22:01.399Z] sweep m2-optimistic-writes: pending=5 running=1
[2026-05-17T15:22:11.401Z] sweep m2-optimistic-writes: pending=5 running=1
[2026-05-17T15:22:21.402Z] sweep m2-optimistic-writes: pending=5 running=1
[2026-05-17T15:22:31.402Z] sweep m2-optimistic-writes: pending=5 running=1
[2026-05-17T15:22:41.405Z] sweep m2-optimistic-writes: pending=5 running=1
[2026-05-17T15:22:51.406Z] sweep m2-optimistic-writes: pending=5 running=1
[2026-05-17T15:23:01.407Z] sweep m2-optimistic-writes: pending=5 running=1
[2026-05-17T15:23:11.409Z] sweep m2-optimistic-writes: pending=5 running=1
[2026-05-17T15:23:21.410Z] sweep m2-optimistic-writes: pending=5 running=1
[2026-05-17T15:23:31.410Z] sweep m2-optimistic-writes: pending=5 running=1
[2026-05-17T15:23:41.412Z] sweep m2-optimistic-writes: pending=5 running=1
[2026-05-17T15:23:51.413Z] sweep m2-optimistic-writes: pending=5 running=1
[2026-05-17T15:24:01.414Z] sweep m2-optimistic-writes: pending=5 running=1
[2026-05-17T15:24:11.415Z] sweep m2-optimistic-writes: pending=5 running=1
[2026-05-17T15:24:21.416Z] sweep m2-optimistic-writes: pending=5 running=1
[2026-05-17T15:24:31.417Z] sweep m2-optimistic-writes: pending=5 running=1
[2026-05-17T15:24:41.420Z] sweep m2-optimistic-writes: pending=5 running=1
[2026-05-17T15:24:51.421Z] sweep m2-optimistic-writes: pending=5 running=1
[2026-05-17T15:25:01.422Z] sweep m2-optimistic-writes: pending=5 running=1
[2026-05-17T15:25:11.423Z] sweep m2-optimistic-writes: pending=5 running=1
[2026-05-17T15:25:21.424Z] sweep m2-optimistic-writes: pending=5 running=1
[2026-05-17T15:25:31.427Z] sweep m2-optimistic-writes: pending=5 running=1
[2026-05-17T15:25:41.429Z] sweep m2-optimistic-writes: pending=5 running=1
[2026-05-17T15:25:51.431Z] sweep m2-optimistic-writes: pending=5 running=1
[2026-05-17T15:26:01.432Z] sweep m2-optimistic-writes: pending=5 running=1
[2026-05-17T15:26:11.433Z] sweep m2-optimistic-writes: pending=5 running=1
[2026-05-17T15:26:21.434Z] sweep m2-optimistic-writes: pending=5 running=1
[2026-05-17T15:26:31.435Z] sweep m2-optimistic-writes: pending=5 running=1
[2026-05-17T15:26:41.437Z] sweep m2-optimistic-writes: pending=5 running=1
[2026-05-17T15:26:51.437Z] sweep m2-optimistic-writes: pending=5 running=1
[2026-05-17T15:27:01.438Z] sweep m2-optimistic-writes: pending=5 running=1
[2026-05-17T15:27:11.440Z] sweep m2-optimistic-writes: pending=5 running=1
[2026-05-17T15:27:21.441Z] sweep m2-optimistic-writes: pending=5 running=1
[2026-05-17T15:27:31.441Z] sweep m2-optimistic-writes: pending=5 running=1
[2026-05-17T15:27:41.444Z] sweep m2-optimistic-writes: pending=5 running=1
[2026-05-17T15:27:51.444Z] sweep m2-optimistic-writes: pending=5 running=1
[2026-05-17T15:28:01.445Z] sweep m2-optimistic-writes: pending=5 running=1
[2026-05-17T15:28:11.447Z] sweep m2-optimistic-writes: pending=5 running=1
[2026-05-17T15:28:21.448Z] sweep m2-optimistic-writes: pending=5 running=1
[2026-05-17T15:28:31.449Z] sweep m2-optimistic-writes: pending=5 running=1
[2026-05-17T15:28:41.451Z] sweep m2-optimistic-writes: pending=5 running=1
[2026-05-17T15:28:51.452Z] sweep m2-optimistic-writes: pending=5 running=1
[2026-05-17T15:29:01.453Z] sweep m2-optimistic-writes: pending=5 running=1
[2026-05-17T15:29:11.456Z] sweep m2-optimistic-writes: pending=5 running=1
[2026-05-17T15:29:21.458Z] sweep m2-optimistic-writes: pending=5 running=1
[2026-05-17T15:29:31.459Z] sweep m2-optimistic-writes: pending=5 running=1
[2026-05-17T15:29:41.460Z] sweep m2-optimistic-writes: pending=5 running=1
[2026-05-17T15:29:51.462Z] sweep m2-optimistic-writes: pending=5 running=1
[2026-05-17T15:30:01.463Z] sweep m2-optimistic-writes: pending=5 running=1
[2026-05-17T15:30:11.464Z] sweep m2-optimistic-writes: pending=5 running=1
[2026-05-17T15:30:21.466Z] sweep m2-optimistic-writes: pending=5 running=1
[2026-05-17T15:30:31.468Z] sweep m2-optimistic-writes: pending=5 running=1
[2026-05-17T15:30:41.470Z] sweep m2-optimistic-writes: pending=5 running=1
[2026-05-17T15:30:51.471Z] sweep m2-optimistic-writes: pending=5 running=1
[2026-05-17T15:31:01.472Z] sweep m2-optimistic-writes: pending=5 running=1
[2026-05-17T15:31:11.474Z] sweep m2-optimistic-writes: pending=5 running=1
[2026-05-17T15:31:21.475Z] sweep m2-optimistic-writes: pending=5 running=1
[2026-05-17T15:31:31.476Z] sweep m2-optimistic-writes: pending=5 running=1
[2026-05-17T15:31:41.478Z] sweep m2-optimistic-writes: pending=5 running=1
[2026-05-17T15:31:51.479Z] sweep m2-optimistic-writes: pending=5 running=1
[2026-05-17T15:32:01.480Z] sweep m2-optimistic-writes: pending=5 running=1
[2026-05-17T15:32:11.482Z] sweep m2-optimistic-writes: pending=5 running=1
[2026-05-17T15:32:21.483Z] sweep m2-optimistic-writes: pending=5 running=1
[2026-05-17T15:32:31.484Z] sweep m2-optimistic-writes: pending=5 running=1
[2026-05-17T15:32:41.486Z] sweep m2-optimistic-writes: pending=5 running=1
[2026-05-17T15:32:51.487Z] sweep m2-optimistic-writes: pending=5 running=1
[2026-05-17T15:33:01.488Z] sweep m2-optimistic-writes: pending=5 running=1
[2026-05-17T15:33:11.490Z] sweep m2-optimistic-writes: pending=5 running=1
[2026-05-17T15:33:21.494Z] sweep m2-optimistic-writes: pending=5 running=1
[2026-05-17T15:33:31.495Z] sweep m2-optimistic-writes: pending=5 running=1
[2026-05-17T15:33:41.498Z] sweep m2-optimistic-writes: pending=5 running=1
[2026-05-17T15:33:51.499Z] sweep m2-optimistic-writes: pending=5 running=1
[2026-05-17T15:34:01.501Z] sweep m2-optimistic-writes: pending=5 running=1
[2026-05-17T15:34:11.503Z] sweep m2-optimistic-writes: pending=5 running=1
[2026-05-17T15:34:21.504Z] sweep m2-optimistic-writes: pending=5 running=1
[2026-05-17T15:34:31.505Z] sweep m2-optimistic-writes: pending=5 running=1
[2026-05-17T15:34:41.507Z] sweep m2-optimistic-writes: pending=5 running=1
[2026-05-17T15:34:51.508Z] sweep m2-optimistic-writes: pending=5 running=1
[2026-05-17T15:35:01.510Z] sweep m2-optimistic-writes: pending=5 running=1
[2026-05-17T15:35:11.512Z] sweep m2-optimistic-writes: pending=5 running=1
[2026-05-17T15:35:21.513Z] sweep m2-optimistic-writes: pending=5 running=1
[2026-05-17T15:35:31.514Z] sweep m2-optimistic-writes: pending=5 running=1
[2026-05-17T15:35:41.516Z] sweep m2-optimistic-writes: pending=5 running=1
[2026-05-17T15:35:51.518Z] sweep m2-optimistic-writes: pending=5 running=1
[2026-05-17T15:36:01.519Z] sweep m2-optimistic-writes: pending=5 running=1
[2026-05-17T15:36:11.520Z] sweep m2-optimistic-writes: pending=5 running=1
[2026-05-17T15:36:21.522Z] sweep m2-optimistic-writes: pending=5 running=1
[2026-05-17T15:36:31.523Z] sweep m2-optimistic-writes: pending=5 running=1
[2026-05-17T15:36:41.525Z] sweep m2-optimistic-writes: pending=5 running=1
[2026-05-17T15:36:51.526Z] sweep m2-optimistic-writes: pending=5 running=1
[2026-05-17T15:37:01.529Z] sweep m2-optimistic-writes: pending=5 running=1
[2026-05-17T15:37:11.531Z] sweep m2-optimistic-writes: pending=5 running=1
[2026-05-17T15:37:21.532Z] sweep m2-optimistic-writes: pending=5 running=1
[2026-05-17T15:37:31.533Z] sweep m2-optimistic-writes: pending=5 running=1
[2026-05-17T15:37:41.536Z] sweep m2-optimistic-writes: pending=5 running=1
[2026-05-17T15:37:48.313Z] sweep m2-optimistic-writes: pending=5 running=1
[orchestrate] planned checkpoint restart at 3600s; non-terminal tasks remain (pending=5, running=1); re-invoke 'bun cli.ts run /workspace/.orchestrate/m2-optimistic-writes' to resume.
[orchestrate] SLACK_BOT_TOKEN not set; Slack visibility disabled
[2026-05-17T15:44:54.412Z] sweep m2-optimistic-writes: pending=5 running=1
[2026-05-17T15:45:04.413Z] sweep m2-optimistic-writes: pending=5 running=1
[2026-05-17T15:45:14.414Z] sweep m2-optimistic-writes: pending=5 running=1
[2026-05-17T15:45:24.415Z] sweep m2-optimistic-writes: pending=5 running=1
[2026-05-17T15:45:34.415Z] sweep m2-optimistic-writes: pending=5 running=1
[2026-05-17T15:45:44.416Z] sweep m2-optimistic-writes: pending=5 running=1
[2026-05-17T15:45:54.417Z] sweep m2-optimistic-writes: pending=5 running=1
[2026-05-17T15:46:04.417Z] sweep m2-optimistic-writes: pending=5 running=1
[2026-05-17T15:46:14.418Z] sweep m2-optimistic-writes: pending=5 running=1
[2026-05-17T15:46:24.418Z] sweep m2-optimistic-writes: pending=5 running=1
[2026-05-17T15:46:34.419Z] sweep m2-optimistic-writes: pending=5 running=1
[2026-05-17T15:46:44.422Z] sweep m2-optimistic-writes: pending=5 running=1
[2026-05-17T15:46:54.423Z] sweep m2-optimistic-writes: pending=5 running=1
[2026-05-17T15:47:04.426Z] sweep m2-optimistic-writes: pending=5 running=1
[2026-05-17T15:47:14.426Z] sweep m2-optimistic-writes: pending=5 running=1
[2026-05-17T15:47:24.428Z] sweep m2-optimistic-writes: pending=5 running=1
[2026-05-17T15:47:34.429Z] sweep m2-optimistic-writes: pending=5 running=1
[2026-05-17T15:47:44.432Z] sweep m2-optimistic-writes: pending=5 running=1
[2026-05-17T15:47:54.433Z] sweep m2-optimistic-writes: pending=5 running=1
[2026-05-17T15:48:04.435Z] sweep m2-optimistic-writes: pending=5 running=1
[2026-05-17T15:48:14.436Z] sweep m2-optimistic-writes: pending=5 running=1
[2026-05-17T15:48:24.437Z] sweep m2-optimistic-writes: pending=5 running=1
[2026-05-17T15:48:34.437Z] sweep m2-optimistic-writes: pending=5 running=1
[2026-05-17T15:48:44.439Z] sweep m2-optimistic-writes: pending=5 running=1
[2026-05-17T15:48:54.440Z] sweep m2-optimistic-writes: pending=5 running=1
[2026-05-17T15:49:04.442Z] sweep m2-optimistic-writes: pending=5 running=1
[2026-05-17T15:49:14.443Z] sweep m2-optimistic-writes: pending=5 running=1
[2026-05-17T15:49:24.445Z] sweep m2-optimistic-writes: pending=5 running=1
[2026-05-17T15:49:34.446Z] sweep m2-optimistic-writes: pending=5 running=1
[2026-05-17T15:49:44.448Z] sweep m2-optimistic-writes: pending=5 running=1
[2026-05-17T15:49:54.449Z] sweep m2-optimistic-writes: pending=5 running=1
[2026-05-17T15:50:04.451Z] sweep m2-optimistic-writes: pending=5 running=1
[2026-05-17T15:50:14.452Z] sweep m2-optimistic-writes: pending=5 running=1
[2026-05-17T15:50:24.454Z] sweep m2-optimistic-writes: pending=5 running=1
[2026-05-17T15:50:34.455Z] sweep m2-optimistic-writes: pending=5 running=1
[2026-05-17T15:50:44.458Z] sweep m2-optimistic-writes: pending=5 running=1
[2026-05-17T15:50:54.458Z] sweep m2-optimistic-writes: pending=5 running=1
[2026-05-17T15:51:04.461Z] sweep m2-optimistic-writes: pending=5 running=1
[2026-05-17T15:51:14.461Z] sweep m2-optimistic-writes: pending=5 running=1
[2026-05-17T15:51:24.464Z] sweep m2-optimistic-writes: pending=5 running=1
[2026-05-17T15:51:34.465Z] sweep m2-optimistic-writes: pending=5 running=1
[2026-05-17T15:51:44.468Z] sweep m2-optimistic-writes: pending=5 running=1
[2026-05-17T15:51:54.468Z] sweep m2-optimistic-writes: pending=5 running=1
[2026-05-17T15:52:04.469Z] sweep m2-optimistic-writes: pending=5 running=1
[2026-05-17T15:52:14.470Z] sweep m2-optimistic-writes: pending=5 running=1
[2026-05-17T15:52:24.471Z] sweep m2-optimistic-writes: pending=5 running=1
[2026-05-17T15:52:34.472Z] sweep m2-optimistic-writes: pending=5 running=1
[2026-05-17T15:52:44.473Z] sweep m2-optimistic-writes: pending=5 running=1
[2026-05-17T15:52:54.474Z] sweep m2-optimistic-writes: pending=5 running=1
[2026-05-17T15:53:04.474Z] sweep m2-optimistic-writes: pending=5 running=1
[2026-05-17T15:53:14.475Z] sweep m2-optimistic-writes: pending=5 running=1
[2026-05-17T15:53:24.476Z] sweep m2-optimistic-writes: pending=5 running=1
[2026-05-17T15:53:34.477Z] sweep m2-optimistic-writes: pending=5 running=1
[2026-05-17T15:53:47.194Z] sweep m2-optimistic-writes: pending=4 running=1 handed-off=1
[2026-05-17T15:53:57.195Z] sweep m2-optimistic-writes: pending=4 running=1 handed-off=1
[2026-05-17T15:54:07.197Z] sweep m2-optimistic-writes: pending=4 running=1 handed-off=1
[2026-05-17T15:54:17.198Z] sweep m2-optimistic-writes: pending=4 running=1 handed-off=1
[2026-05-17T15:54:27.201Z] sweep m2-optimistic-writes: pending=4 running=1 handed-off=1
[2026-05-17T15:54:37.203Z] sweep m2-optimistic-writes: pending=4 running=1 handed-off=1
[2026-05-17T15:54:47.203Z] sweep m2-optimistic-writes: pending=4 running=1 handed-off=1
[2026-05-17T15:54:57.204Z] sweep m2-optimistic-writes: pending=4 running=1 handed-off=1
[2026-05-17T15:55:07.205Z] sweep m2-optimistic-writes: pending=4 running=1 handed-off=1
[2026-05-17T15:55:17.208Z] sweep m2-optimistic-writes: pending=4 running=1 handed-off=1
[2026-05-17T15:55:27.211Z] sweep m2-optimistic-writes: pending=4 running=1 handed-off=1
[2026-05-17T15:55:37.214Z] sweep m2-optimistic-writes: pending=4 running=1 handed-off=1
[2026-05-17T15:55:47.216Z] sweep m2-optimistic-writes: pending=4 running=1 handed-off=1
[2026-05-17T15:55:57.219Z] sweep m2-optimistic-writes: pending=4 running=1 handed-off=1
[2026-05-17T15:56:07.222Z] sweep m2-optimistic-writes: pending=4 running=1 handed-off=1
[2026-05-17T15:56:17.223Z] sweep m2-optimistic-writes: pending=4 running=1 handed-off=1
[2026-05-17T15:56:27.224Z] sweep m2-optimistic-writes: pending=4 running=1 handed-off=1
[2026-05-17T15:56:37.226Z] sweep m2-optimistic-writes: pending=4 running=1 handed-off=1
[2026-05-17T15:56:47.228Z] sweep m2-optimistic-writes: pending=4 running=1 handed-off=1
[2026-05-17T15:56:57.229Z] sweep m2-optimistic-writes: pending=4 running=1 handed-off=1
[2026-05-17T15:57:07.229Z] sweep m2-optimistic-writes: pending=4 running=1 handed-off=1
[2026-05-17T15:57:17.231Z] sweep m2-optimistic-writes: pending=4 running=1 handed-off=1
[2026-05-17T15:57:27.231Z] sweep m2-optimistic-writes: pending=4 running=1 handed-off=1
[2026-05-17T15:57:37.232Z] sweep m2-optimistic-writes: pending=4 running=1 handed-off=1
[2026-05-17T15:57:47.234Z] sweep m2-optimistic-writes: pending=4 running=1 handed-off=1
[2026-05-17T15:57:57.235Z] sweep m2-optimistic-writes: pending=4 running=1 handed-off=1
[2026-05-17T15:58:07.236Z] sweep m2-optimistic-writes: pending=4 running=1 handed-off=1
[2026-05-17T15:58:17.236Z] sweep m2-optimistic-writes: pending=4 running=1 handed-off=1
[2026-05-17T15:58:27.239Z] sweep m2-optimistic-writes: pending=4 running=1 handed-off=1
[2026-05-17T15:58:37.240Z] sweep m2-optimistic-writes: pending=4 running=1 handed-off=1
[2026-05-17T15:58:47.242Z] sweep m2-optimistic-writes: pending=4 running=1 handed-off=1
[2026-05-17T15:58:57.244Z] sweep m2-optimistic-writes: pending=4 running=1 handed-off=1
[2026-05-17T15:59:07.245Z] sweep m2-optimistic-writes: pending=4 running=1 handed-off=1
[2026-05-17T15:59:17.247Z] sweep m2-optimistic-writes: pending=4 running=1 handed-off=1
[2026-05-17T15:59:27.249Z] sweep m2-optimistic-writes: pending=4 running=1 handed-off=1
[2026-05-17T15:59:37.250Z] sweep m2-optimistic-writes: pending=4 running=1 handed-off=1
[2026-05-17T15:59:47.252Z] sweep m2-optimistic-writes: pending=4 running=1 handed-off=1
[2026-05-17T15:59:57.253Z] sweep m2-optimistic-writes: pending=4 running=1 handed-off=1
[2026-05-17T16:00:07.253Z] sweep m2-optimistic-writes: pending=4 running=1 handed-off=1
[2026-05-17T16:00:17.254Z] sweep m2-optimistic-writes: pending=4 running=1 handed-off=1
[2026-05-17T16:00:27.255Z] sweep m2-optimistic-writes: pending=4 running=1 handed-off=1
[2026-05-17T16:00:37.257Z] sweep m2-optimistic-writes: pending=4 running=1 handed-off=1
[2026-05-17T16:00:47.257Z] sweep m2-optimistic-writes: pending=4 running=1 handed-off=1
[2026-05-17T16:00:57.259Z] sweep m2-optimistic-writes: pending=4 running=1 handed-off=1
[2026-05-17T16:01:07.260Z] sweep m2-optimistic-writes: pending=4 running=1 handed-off=1
[2026-05-17T16:01:17.260Z] sweep m2-optimistic-writes: pending=4 running=1 handed-off=1
[2026-05-17T16:01:27.262Z] sweep m2-optimistic-writes: pending=4 running=1 handed-off=1
[2026-05-17T16:01:37.263Z] sweep m2-optimistic-writes: pending=4 running=1 handed-off=1
[2026-05-17T16:01:47.265Z] sweep m2-optimistic-writes: pending=4 running=1 handed-off=1
[2026-05-17T16:01:57.265Z] sweep m2-optimistic-writes: pending=4 running=1 handed-off=1
[2026-05-17T16:02:07.266Z] sweep m2-optimistic-writes: pending=4 running=1 handed-off=1
[2026-05-17T16:02:17.267Z] sweep m2-optimistic-writes: pending=4 running=1 handed-off=1
[2026-05-17T16:02:27.270Z] sweep m2-optimistic-writes: pending=4 running=1 handed-off=1
[2026-05-17T16:02:37.271Z] sweep m2-optimistic-writes: pending=4 running=1 handed-off=1
[2026-05-17T16:02:47.274Z] sweep m2-optimistic-writes: pending=4 running=1 handed-off=1
[2026-05-17T16:02:57.277Z] sweep m2-optimistic-writes: pending=4 running=1 handed-off=1
[2026-05-17T16:03:07.277Z] sweep m2-optimistic-writes: pending=4 running=1 handed-off=1
[2026-05-17T16:03:17.278Z] sweep m2-optimistic-writes: pending=4 running=1 handed-off=1
[2026-05-17T16:03:27.280Z] sweep m2-optimistic-writes: pending=4 running=1 handed-off=1
[2026-05-17T16:03:37.281Z] sweep m2-optimistic-writes: pending=4 running=1 handed-off=1
[2026-05-17T16:03:47.282Z] sweep m2-optimistic-writes: pending=4 running=1 handed-off=1
[2026-05-17T16:03:57.283Z] sweep m2-optimistic-writes: pending=4 running=1 handed-off=1
[2026-05-17T16:04:07.284Z] sweep m2-optimistic-writes: pending=4 running=1 handed-off=1
[2026-05-17T16:04:17.284Z] sweep m2-optimistic-writes: pending=4 running=1 handed-off=1
[2026-05-17T16:04:27.285Z] sweep m2-optimistic-writes: pending=4 running=1 handed-off=1
[2026-05-17T16:04:37.286Z] sweep m2-optimistic-writes: pending=4 running=1 handed-off=1
[2026-05-17T16:04:47.286Z] sweep m2-optimistic-writes: pending=4 running=1 handed-off=1
[2026-05-17T16:04:57.287Z] sweep m2-optimistic-writes: pending=4 running=1 handed-off=1
[2026-05-17T16:05:07.289Z] sweep m2-optimistic-writes: pending=4 running=1 handed-off=1
[2026-05-17T16:05:17.289Z] sweep m2-optimistic-writes: pending=4 running=1 handed-off=1
[2026-05-17T16:05:27.291Z] sweep m2-optimistic-writes: pending=4 running=1 handed-off=1
[2026-05-17T16:05:37.293Z] sweep m2-optimistic-writes: pending=4 running=1 handed-off=1
[2026-05-17T16:05:47.294Z] sweep m2-optimistic-writes: pending=4 running=1 handed-off=1
[2026-05-17T16:05:57.294Z] sweep m2-optimistic-writes: pending=4 running=1 handed-off=1
[2026-05-17T16:06:07.296Z] sweep m2-optimistic-writes: pending=4 running=1 handed-off=1
[2026-05-17T16:06:17.296Z] sweep m2-optimistic-writes: pending=4 running=1 handed-off=1
[2026-05-17T16:06:27.297Z] sweep m2-optimistic-writes: pending=4 running=1 handed-off=1
[2026-05-17T16:06:37.298Z] sweep m2-optimistic-writes: pending=4 running=1 handed-off=1
[2026-05-17T16:06:47.299Z] sweep m2-optimistic-writes: pending=4 running=1 handed-off=1
[2026-05-17T16:06:57.300Z] sweep m2-optimistic-writes: pending=4 running=1 handed-off=1
[2026-05-17T16:07:07.301Z] sweep m2-optimistic-writes: pending=4 running=1 handed-off=1
[2026-05-17T16:07:17.301Z] sweep m2-optimistic-writes: pending=4 running=1 handed-off=1
[2026-05-17T16:07:27.302Z] sweep m2-optimistic-writes: pending=4 running=1 handed-off=1
[2026-05-17T16:07:37.303Z] sweep m2-optimistic-writes: pending=4 running=1 handed-off=1
[2026-05-17T16:07:47.303Z] sweep m2-optimistic-writes: pending=4 running=1 handed-off=1
[2026-05-17T16:07:57.304Z] sweep m2-optimistic-writes: pending=4 running=1 handed-off=1
[2026-05-17T16:08:07.305Z] sweep m2-optimistic-writes: pending=4 running=1 handed-off=1
[2026-05-17T16:08:17.306Z] sweep m2-optimistic-writes: pending=4 running=1 handed-off=1
[2026-05-17T16:08:27.307Z] sweep m2-optimistic-writes: pending=4 running=1 handed-off=1
[2026-05-17T16:08:37.307Z] sweep m2-optimistic-writes: pending=4 running=1 handed-off=1
[2026-05-17T16:08:47.308Z] sweep m2-optimistic-writes: pending=4 running=1 handed-off=1
[2026-05-17T16:08:57.309Z] sweep m2-optimistic-writes: pending=4 running=1 handed-off=1
[2026-05-17T16:09:07.312Z] sweep m2-optimistic-writes: pending=4 running=1 handed-off=1
[2026-05-17T16:09:17.313Z] sweep m2-optimistic-writes: pending=4 running=1 handed-off=1
[2026-05-17T16:09:27.315Z] sweep m2-optimistic-writes: pending=4 running=1 handed-off=1
[2026-05-17T16:09:37.315Z] sweep m2-optimistic-writes: pending=4 running=1 handed-off=1
[2026-05-17T16:09:47.316Z] sweep m2-optimistic-writes: pending=4 running=1 handed-off=1
[2026-05-17T16:09:57.317Z] sweep m2-optimistic-writes: pending=4 running=1 handed-off=1
[2026-05-17T16:10:07.318Z] sweep m2-optimistic-writes: pending=4 running=1 handed-off=1
[2026-05-17T16:10:17.319Z] sweep m2-optimistic-writes: pending=4 running=1 handed-off=1
[2026-05-17T16:10:27.320Z] sweep m2-optimistic-writes: pending=4 running=1 handed-off=1
[2026-05-17T16:10:37.321Z] sweep m2-optimistic-writes: pending=4 running=1 handed-off=1
[2026-05-17T16:10:47.322Z] sweep m2-optimistic-writes: pending=4 running=1 handed-off=1
[2026-05-17T16:10:57.323Z] sweep m2-optimistic-writes: pending=4 running=1 handed-off=1
[2026-05-17T16:11:07.324Z] sweep m2-optimistic-writes: pending=4 running=1 handed-off=1
[2026-05-17T16:11:17.325Z] sweep m2-optimistic-writes: pending=4 running=1 handed-off=1
[2026-05-17T16:11:27.325Z] sweep m2-optimistic-writes: pending=4 running=1 handed-off=1
[2026-05-17T16:11:37.327Z] sweep m2-optimistic-writes: pending=4 running=1 handed-off=1
[2026-05-17T16:11:47.330Z] sweep m2-optimistic-writes: pending=4 running=1 handed-off=1
[2026-05-17T16:11:57.331Z] sweep m2-optimistic-writes: pending=4 running=1 handed-off=1
[2026-05-17T16:12:07.332Z] sweep m2-optimistic-writes: pending=4 running=1 handed-off=1
[2026-05-17T16:12:17.334Z] sweep m2-optimistic-writes: pending=4 running=1 handed-off=1
[2026-05-17T16:12:27.335Z] sweep m2-optimistic-writes: pending=4 running=1 handed-off=1
[2026-05-17T16:12:37.335Z] sweep m2-optimistic-writes: pending=4 running=1 handed-off=1
[2026-05-17T16:12:47.337Z] sweep m2-optimistic-writes: pending=4 running=1 handed-off=1
[2026-05-17T16:12:57.338Z] sweep m2-optimistic-writes: pending=4 running=1 handed-off=1
[2026-05-17T16:13:07.339Z] sweep m2-optimistic-writes: pending=4 running=1 handed-off=1
[2026-05-17T16:13:17.341Z] sweep m2-optimistic-writes: pending=4 running=1 handed-off=1
[2026-05-17T16:13:27.342Z] sweep m2-optimistic-writes: pending=4 running=1 handed-off=1
[2026-05-17T16:13:37.343Z] sweep m2-optimistic-writes: pending=4 running=1 handed-off=1
[2026-05-17T16:13:47.346Z] sweep m2-optimistic-writes: pending=4 running=1 handed-off=1
[2026-05-17T16:13:57.347Z] sweep m2-optimistic-writes: pending=4 running=1 handed-off=1
[2026-05-17T16:14:07.348Z] sweep m2-optimistic-writes: pending=4 running=1 handed-off=1
[2026-05-17T16:14:17.349Z] sweep m2-optimistic-writes: pending=4 running=1 handed-off=1
[2026-05-17T16:14:27.353Z] sweep m2-optimistic-writes: pending=4 running=1 handed-off=1
[2026-05-17T16:14:37.354Z] sweep m2-optimistic-writes: pending=4 running=1 handed-off=1
[2026-05-17T16:14:47.355Z] sweep m2-optimistic-writes: pending=4 running=1 handed-off=1
[2026-05-17T16:14:57.356Z] sweep m2-optimistic-writes: pending=4 running=1 handed-off=1
[2026-05-17T16:15:07.358Z] sweep m2-optimistic-writes: pending=4 running=1 handed-off=1
[2026-05-17T16:15:17.359Z] sweep m2-optimistic-writes: pending=4 running=1 handed-off=1
[2026-05-17T16:15:27.360Z] sweep m2-optimistic-writes: pending=4 running=1 handed-off=1
[2026-05-17T16:15:37.362Z] sweep m2-optimistic-writes: pending=4 running=1 handed-off=1
[2026-05-17T16:15:47.363Z] sweep m2-optimistic-writes: pending=4 running=1 handed-off=1
[2026-05-17T16:15:57.364Z] sweep m2-optimistic-writes: pending=4 running=1 handed-off=1
[2026-05-17T16:16:07.365Z] sweep m2-optimistic-writes: pending=4 running=1 handed-off=1
[2026-05-17T16:16:17.366Z] sweep m2-optimistic-writes: pending=4 running=1 handed-off=1
[2026-05-17T16:16:27.366Z] sweep m2-optimistic-writes: pending=4 running=1 handed-off=1
[2026-05-17T16:16:37.367Z] sweep m2-optimistic-writes: pending=4 running=1 handed-off=1
[2026-05-17T16:16:47.368Z] sweep m2-optimistic-writes: pending=4 running=1 handed-off=1
[2026-05-17T16:16:57.369Z] sweep m2-optimistic-writes: pending=4 running=1 handed-off=1
[2026-05-17T16:17:07.369Z] sweep m2-optimistic-writes: pending=4 running=1 handed-off=1
[2026-05-17T16:17:17.371Z] sweep m2-optimistic-writes: pending=4 running=1 handed-off=1
[2026-05-17T16:17:27.372Z] sweep m2-optimistic-writes: pending=4 running=1 handed-off=1
[2026-05-17T16:17:37.374Z] sweep m2-optimistic-writes: pending=4 running=1 handed-off=1
[2026-05-17T16:17:47.376Z] sweep m2-optimistic-writes: pending=4 running=1 handed-off=1
[2026-05-17T16:17:57.378Z] sweep m2-optimistic-writes: pending=4 running=1 handed-off=1
[2026-05-17T16:18:07.379Z] sweep m2-optimistic-writes: pending=4 running=1 handed-off=1
[2026-05-17T16:18:17.380Z] sweep m2-optimistic-writes: pending=4 running=1 handed-off=1
[2026-05-17T16:18:27.381Z] sweep m2-optimistic-writes: pending=4 running=1 handed-off=1
[2026-05-17T16:18:37.383Z] sweep m2-optimistic-writes: pending=4 running=1 handed-off=1
[2026-05-17T16:18:47.383Z] sweep m2-optimistic-writes: pending=4 running=1 handed-off=1
[2026-05-17T16:18:57.385Z] sweep m2-optimistic-writes: pending=4 running=1 handed-off=1
[2026-05-17T16:19:07.387Z] sweep m2-optimistic-writes: pending=4 running=1 handed-off=1
[2026-05-17T16:19:17.388Z] sweep m2-optimistic-writes: pending=4 running=1 handed-off=1
[2026-05-17T16:19:27.390Z] sweep m2-optimistic-writes: pending=4 running=1 handed-off=1
[2026-05-17T16:19:37.392Z] sweep m2-optimistic-writes: pending=4 running=1 handed-off=1
[2026-05-17T16:19:47.394Z] sweep m2-optimistic-writes: pending=4 running=1 handed-off=1
[2026-05-17T16:19:57.395Z] sweep m2-optimistic-writes: pending=4 running=1 handed-off=1
[2026-05-17T16:20:07.396Z] sweep m2-optimistic-writes: pending=4 running=1 handed-off=1
[2026-05-17T16:20:17.398Z] sweep m2-optimistic-writes: pending=4 running=1 handed-off=1
[2026-05-17T16:20:27.398Z] sweep m2-optimistic-writes: pending=4 running=1 handed-off=1
[2026-05-17T16:20:37.400Z] sweep m2-optimistic-writes: pending=4 running=1 handed-off=1
[2026-05-17T16:20:47.401Z] sweep m2-optimistic-writes: pending=4 running=1 handed-off=1
[2026-05-17T16:20:57.403Z] sweep m2-optimistic-writes: pending=4 running=1 handed-off=1
[2026-05-17T16:21:07.404Z] sweep m2-optimistic-writes: pending=4 running=1 handed-off=1
[2026-05-17T16:21:17.405Z] sweep m2-optimistic-writes: pending=4 running=1 handed-off=1
[2026-05-17T16:21:27.405Z] sweep m2-optimistic-writes: pending=4 running=1 handed-off=1
[2026-05-17T16:21:37.406Z] sweep m2-optimistic-writes: pending=4 running=1 handed-off=1
[2026-05-17T16:21:47.408Z] sweep m2-optimistic-writes: pending=4 running=1 handed-off=1
[2026-05-17T16:21:57.408Z] sweep m2-optimistic-writes: pending=4 running=1 handed-off=1
[2026-05-17T16:22:07.410Z] sweep m2-optimistic-writes: pending=4 running=1 handed-off=1
[2026-05-17T16:22:17.411Z] sweep m2-optimistic-writes: pending=4 running=1 handed-off=1
[2026-05-17T16:22:27.414Z] sweep m2-optimistic-writes: pending=4 running=1 handed-off=1
[2026-05-17T16:22:37.415Z] sweep m2-optimistic-writes: pending=4 running=1 handed-off=1
[2026-05-17T16:22:47.419Z] sweep m2-optimistic-writes: pending=4 running=1 handed-off=1
[2026-05-17T16:22:57.420Z] sweep m2-optimistic-writes: pending=4 running=1 handed-off=1
[2026-05-17T16:23:07.421Z] sweep m2-optimistic-writes: pending=4 running=1 handed-off=1
[2026-05-17T16:23:17.424Z] sweep m2-optimistic-writes: pending=4 running=1 handed-off=1
[2026-05-17T16:23:27.425Z] sweep m2-optimistic-writes: pending=4 running=1 handed-off=1
[2026-05-17T16:23:37.426Z] sweep m2-optimistic-writes: pending=4 running=1 handed-off=1
[2026-05-17T16:23:47.428Z] sweep m2-optimistic-writes: pending=4 running=1 handed-off=1
[2026-05-17T16:23:57.428Z] sweep m2-optimistic-writes: pending=4 running=1 handed-off=1
[2026-05-17T16:24:07.429Z] sweep m2-optimistic-writes: pending=4 running=1 handed-off=1
[2026-05-17T16:24:17.431Z] sweep m2-optimistic-writes: pending=4 running=1 handed-off=1
[2026-05-17T16:24:27.432Z] sweep m2-optimistic-writes: pending=4 running=1 handed-off=1
[2026-05-17T16:24:37.433Z] sweep m2-optimistic-writes: pending=4 running=1 handed-off=1
[2026-05-17T16:24:47.435Z] sweep m2-optimistic-writes: pending=4 running=1 handed-off=1
[2026-05-17T16:24:57.435Z] sweep m2-optimistic-writes: pending=4 running=1 handed-off=1
[2026-05-17T16:25:07.437Z] sweep m2-optimistic-writes: pending=4 running=1 handed-off=1
[2026-05-17T16:25:17.438Z] sweep m2-optimistic-writes: pending=4 running=1 handed-off=1
[2026-05-17T16:25:27.439Z] sweep m2-optimistic-writes: pending=4 running=1 handed-off=1
[2026-05-17T16:25:37.441Z] sweep m2-optimistic-writes: pending=4 running=1 handed-off=1
[2026-05-17T16:25:47.442Z] sweep m2-optimistic-writes: pending=4 running=1 handed-off=1
[2026-05-17T16:25:57.444Z] sweep m2-optimistic-writes: pending=4 running=1 handed-off=1
[2026-05-17T16:26:07.445Z] sweep m2-optimistic-writes: pending=4 running=1 handed-off=1
[2026-05-17T16:26:17.447Z] sweep m2-optimistic-writes: pending=4 running=1 handed-off=1
[2026-05-17T16:26:27.449Z] sweep m2-optimistic-writes: pending=4 running=1 handed-off=1
[2026-05-17T16:26:37.450Z] sweep m2-optimistic-writes: pending=4 running=1 handed-off=1
[2026-05-17T16:26:47.452Z] sweep m2-optimistic-writes: pending=4 running=1 handed-off=1
[2026-05-17T16:26:57.453Z] sweep m2-optimistic-writes: pending=4 running=1 handed-off=1
[2026-05-17T16:27:07.455Z] sweep m2-optimistic-writes: pending=4 running=1 handed-off=1
[2026-05-17T16:27:17.455Z] sweep m2-optimistic-writes: pending=4 running=1 handed-off=1
[2026-05-17T16:27:27.458Z] sweep m2-optimistic-writes: pending=4 running=1 handed-off=1
[2026-05-17T16:27:37.459Z] sweep m2-optimistic-writes: pending=4 running=1 handed-off=1
[2026-05-17T16:27:47.461Z] sweep m2-optimistic-writes: pending=4 running=1 handed-off=1
[2026-05-17T16:27:57.461Z] sweep m2-optimistic-writes: pending=4 running=1 handed-off=1
[2026-05-17T16:28:07.462Z] sweep m2-optimistic-writes: pending=4 running=1 handed-off=1
[2026-05-17T16:28:17.464Z] sweep m2-optimistic-writes: pending=4 running=1 handed-off=1
[2026-05-17T16:28:27.465Z] sweep m2-optimistic-writes: pending=4 running=1 handed-off=1
[2026-05-17T16:28:37.466Z] sweep m2-optimistic-writes: pending=4 running=1 handed-off=1
[2026-05-17T16:28:47.468Z] sweep m2-optimistic-writes: pending=4 running=1 handed-off=1
[2026-05-17T16:28:57.468Z] sweep m2-optimistic-writes: pending=4 running=1 handed-off=1
[2026-05-17T16:29:07.469Z] sweep m2-optimistic-writes: pending=4 running=1 handed-off=1
[2026-05-17T16:29:17.471Z] sweep m2-optimistic-writes: pending=4 running=1 handed-off=1
[2026-05-17T16:29:27.472Z] sweep m2-optimistic-writes: pending=4 running=1 handed-off=1
[2026-05-17T16:29:37.472Z] sweep m2-optimistic-writes: pending=4 running=1 handed-off=1
[2026-05-17T16:29:47.473Z] sweep m2-optimistic-writes: pending=4 running=1 handed-off=1
[2026-05-17T16:29:57.474Z] sweep m2-optimistic-writes: pending=4 running=1 handed-off=1
[2026-05-17T16:30:07.475Z] sweep m2-optimistic-writes: pending=4 running=1 handed-off=1
[2026-05-17T16:30:17.477Z] sweep m2-optimistic-writes: pending=4 running=1 handed-off=1
[2026-05-17T16:30:27.477Z] sweep m2-optimistic-writes: pending=4 running=1 handed-off=1
[2026-05-17T16:30:37.479Z] sweep m2-optimistic-writes: pending=4 running=1 handed-off=1
[2026-05-17T16:30:47.481Z] sweep m2-optimistic-writes: pending=4 running=1 handed-off=1
[2026-05-17T16:30:57.482Z] sweep m2-optimistic-writes: pending=4 running=1 handed-off=1
[2026-05-17T16:31:07.483Z] sweep m2-optimistic-writes: pending=4 running=1 handed-off=1
[2026-05-17T16:31:17.484Z] sweep m2-optimistic-writes: pending=4 running=1 handed-off=1
[2026-05-17T16:31:27.485Z] sweep m2-optimistic-writes: pending=4 running=1 handed-off=1
[2026-05-17T16:31:37.487Z] sweep m2-optimistic-writes: pending=4 running=1 handed-off=1
[2026-05-17T16:31:47.488Z] sweep m2-optimistic-writes: pending=4 running=1 handed-off=1
[2026-05-17T16:31:57.488Z] sweep m2-optimistic-writes: pending=4 running=1 handed-off=1
[2026-05-17T16:32:07.489Z] sweep m2-optimistic-writes: pending=4 running=1 handed-off=1
[2026-05-17T16:32:17.490Z] sweep m2-optimistic-writes: pending=4 running=1 handed-off=1
[2026-05-17T16:32:27.490Z] sweep m2-optimistic-writes: pending=4 running=1 handed-off=1
[2026-05-17T16:32:40.361Z] sweep m2-optimistic-writes: pending=3 running=1 handed-off=2
[2026-05-17T16:32:50.361Z] sweep m2-optimistic-writes: pending=3 running=1 handed-off=2
[2026-05-17T16:33:00.363Z] sweep m2-optimistic-writes: pending=3 running=1 handed-off=2
[2026-05-17T16:33:10.363Z] sweep m2-optimistic-writes: pending=3 running=1 handed-off=2
[2026-05-17T16:33:20.365Z] sweep m2-optimistic-writes: pending=3 running=1 handed-off=2
[2026-05-17T16:33:30.366Z] sweep m2-optimistic-writes: pending=3 running=1 handed-off=2
[2026-05-17T16:33:40.366Z] sweep m2-optimistic-writes: pending=3 running=1 handed-off=2
[2026-05-17T16:33:50.368Z] sweep m2-optimistic-writes: pending=3 running=1 handed-off=2
[2026-05-17T16:34:00.370Z] sweep m2-optimistic-writes: pending=3 running=1 handed-off=2
[2026-05-17T16:34:10.371Z] sweep m2-optimistic-writes: pending=3 running=1 handed-off=2
[2026-05-17T16:34:20.373Z] sweep m2-optimistic-writes: pending=3 running=1 handed-off=2
[2026-05-17T16:34:30.373Z] sweep m2-optimistic-writes: pending=3 running=1 handed-off=2
[2026-05-17T16:34:40.374Z] sweep m2-optimistic-writes: pending=3 running=1 handed-off=2
[2026-05-17T16:34:50.375Z] sweep m2-optimistic-writes: pending=3 running=1 handed-off=2
[2026-05-17T16:35:00.376Z] sweep m2-optimistic-writes: pending=3 running=1 handed-off=2
[2026-05-17T16:35:10.377Z] sweep m2-optimistic-writes: pending=3 running=1 handed-off=2
[2026-05-17T16:35:20.379Z] sweep m2-optimistic-writes: pending=3 running=1 handed-off=2
[2026-05-17T16:35:30.379Z] sweep m2-optimistic-writes: pending=3 running=1 handed-off=2
[2026-05-17T16:35:40.381Z] sweep m2-optimistic-writes: pending=3 running=1 handed-off=2
[2026-05-17T16:35:50.382Z] sweep m2-optimistic-writes: pending=3 running=1 handed-off=2
[2026-05-17T16:36:00.383Z] sweep m2-optimistic-writes: pending=3 running=1 handed-off=2
[2026-05-17T16:36:10.385Z] sweep m2-optimistic-writes: pending=3 running=1 handed-off=2
[2026-05-17T16:36:20.387Z] sweep m2-optimistic-writes: pending=3 running=1 handed-off=2
[2026-05-17T16:36:30.388Z] sweep m2-optimistic-writes: pending=3 running=1 handed-off=2
[2026-05-17T16:36:40.389Z] sweep m2-optimistic-writes: pending=3 running=1 handed-off=2
[2026-05-17T16:36:50.389Z] sweep m2-optimistic-writes: pending=3 running=1 handed-off=2
[2026-05-17T16:37:00.390Z] sweep m2-optimistic-writes: pending=3 running=1 handed-off=2
[2026-05-17T16:37:10.392Z] sweep m2-optimistic-writes: pending=3 running=1 handed-off=2
[2026-05-17T16:37:20.393Z] sweep m2-optimistic-writes: pending=3 running=1 handed-off=2
[2026-05-17T16:37:30.394Z] sweep m2-optimistic-writes: pending=3 running=1 handed-off=2
[2026-05-17T16:37:40.395Z] sweep m2-optimistic-writes: pending=3 running=1 handed-off=2
[2026-05-17T16:37:50.396Z] sweep m2-optimistic-writes: pending=3 running=1 handed-off=2
[2026-05-17T16:38:00.397Z] sweep m2-optimistic-writes: pending=3 running=1 handed-off=2
[2026-05-17T16:38:10.398Z] sweep m2-optimistic-writes: pending=3 running=1 handed-off=2
[2026-05-17T16:38:20.398Z] sweep m2-optimistic-writes: pending=3 running=1 handed-off=2
[2026-05-17T16:38:30.399Z] sweep m2-optimistic-writes: pending=3 running=1 handed-off=2
[2026-05-17T16:38:40.400Z] sweep m2-optimistic-writes: pending=3 running=1 handed-off=2
[2026-05-17T16:38:50.401Z] sweep m2-optimistic-writes: pending=3 running=1 handed-off=2
[2026-05-17T16:39:00.403Z] sweep m2-optimistic-writes: pending=3 running=1 handed-off=2
[2026-05-17T16:39:10.404Z] sweep m2-optimistic-writes: pending=3 running=1 handed-off=2
[2026-05-17T16:39:20.406Z] sweep m2-optimistic-writes: pending=3 running=1 handed-off=2
[2026-05-17T16:39:30.407Z] sweep m2-optimistic-writes: pending=3 running=1 handed-off=2
[2026-05-17T16:39:40.409Z] sweep m2-optimistic-writes: pending=3 running=1 handed-off=2
[2026-05-17T16:39:50.409Z] sweep m2-optimistic-writes: pending=3 running=1 handed-off=2
[2026-05-17T16:40:00.411Z] sweep m2-optimistic-writes: pending=3 running=1 handed-off=2
[2026-05-17T16:40:10.411Z] sweep m2-optimistic-writes: pending=3 running=1 handed-off=2
[2026-05-17T16:40:20.414Z] sweep m2-optimistic-writes: pending=3 running=1 handed-off=2
[2026-05-17T16:40:30.414Z] sweep m2-optimistic-writes: pending=3 running=1 handed-off=2
[2026-05-17T16:40:40.416Z] sweep m2-optimistic-writes: pending=3 running=1 handed-off=2
[2026-05-17T16:40:50.417Z] sweep m2-optimistic-writes: pending=3 running=1 handed-off=2
[2026-05-17T16:41:00.418Z] sweep m2-optimistic-writes: pending=3 running=1 handed-off=2
[2026-05-17T16:41:10.418Z] sweep m2-optimistic-writes: pending=3 running=1 handed-off=2
[2026-05-17T16:41:20.421Z] sweep m2-optimistic-writes: pending=3 running=1 handed-off=2
[2026-05-17T16:41:30.422Z] sweep m2-optimistic-writes: pending=3 running=1 handed-off=2
[2026-05-17T16:41:40.423Z] sweep m2-optimistic-writes: pending=3 running=1 handed-off=2
[2026-05-17T16:41:50.423Z] sweep m2-optimistic-writes: pending=3 running=1 handed-off=2
[2026-05-17T16:42:00.424Z] sweep m2-optimistic-writes: pending=3 running=1 handed-off=2
[2026-05-17T16:42:10.425Z] sweep m2-optimistic-writes: pending=3 running=1 handed-off=2
[2026-05-17T16:42:20.426Z] sweep m2-optimistic-writes: pending=3 running=1 handed-off=2
[2026-05-17T16:42:30.426Z] sweep m2-optimistic-writes: pending=3 running=1 handed-off=2
[2026-05-17T16:42:40.427Z] sweep m2-optimistic-writes: pending=3 running=1 handed-off=2
[2026-05-17T16:42:50.427Z] sweep m2-optimistic-writes: pending=3 running=1 handed-off=2
[2026-05-17T16:43:00.428Z] sweep m2-optimistic-writes: pending=3 running=1 handed-off=2
[2026-05-17T16:43:10.429Z] sweep m2-optimistic-writes: pending=3 running=1 handed-off=2
[2026-05-17T16:43:20.429Z] sweep m2-optimistic-writes: pending=3 running=1 handed-off=2
[2026-05-17T16:43:30.430Z] sweep m2-optimistic-writes: pending=3 running=1 handed-off=2
[2026-05-17T16:43:40.431Z] sweep m2-optimistic-writes: pending=3 running=1 handed-off=2
[2026-05-17T16:43:50.431Z] sweep m2-optimistic-writes: pending=3 running=1 handed-off=2
[2026-05-17T16:44:00.432Z] sweep m2-optimistic-writes: pending=3 running=1 handed-off=2
[2026-05-17T16:44:10.433Z] sweep m2-optimistic-writes: pending=3 running=1 handed-off=2
[2026-05-17T16:44:20.434Z] sweep m2-optimistic-writes: pending=3 running=1 handed-off=2
[2026-05-17T16:44:30.434Z] sweep m2-optimistic-writes: pending=3 running=1 handed-off=2
[2026-05-17T16:44:40.435Z] sweep m2-optimistic-writes: pending=3 running=1 handed-off=2
[2026-05-17T16:44:50.436Z] sweep m2-optimistic-writes: pending=3 running=1 handed-off=2
[2026-05-17T16:44:54.239Z] sweep m2-optimistic-writes: pending=3 running=1 handed-off=2
[orchestrate] planned checkpoint restart at 3600s; non-terminal tasks remain (pending=3, running=1); re-invoke 'bun cli.ts run /workspace/.orchestrate/m2-optimistic-writes' to resume.
[orchestrate] SLACK_BOT_TOKEN not set; Slack visibility disabled
[2026-05-17T16:46:54.772Z] sweep m2-optimistic-writes: pending=3 running=1 handed-off=2
[2026-05-17T16:47:04.773Z] sweep m2-optimistic-writes: pending=3 running=1 handed-off=2
[2026-05-17T16:47:14.774Z] sweep m2-optimistic-writes: pending=3 running=1 handed-off=2
[2026-05-17T16:47:24.774Z] sweep m2-optimistic-writes: pending=3 running=1 handed-off=2
[2026-05-17T16:47:34.775Z] sweep m2-optimistic-writes: pending=3 running=1 handed-off=2
[2026-05-17T16:47:44.776Z] sweep m2-optimistic-writes: pending=3 running=1 handed-off=2
[2026-05-17T16:47:54.776Z] sweep m2-optimistic-writes: pending=3 running=1 handed-off=2
[2026-05-17T16:48:04.778Z] sweep m2-optimistic-writes: pending=3 running=1 handed-off=2
[2026-05-17T16:48:14.779Z] sweep m2-optimistic-writes: pending=3 running=1 handed-off=2
[2026-05-17T16:48:24.779Z] sweep m2-optimistic-writes: pending=3 running=1 handed-off=2
[2026-05-17T16:48:34.781Z] sweep m2-optimistic-writes: pending=3 running=1 handed-off=2
[2026-05-17T16:48:44.782Z] sweep m2-optimistic-writes: pending=3 running=1 handed-off=2
[2026-05-17T16:48:54.783Z] sweep m2-optimistic-writes: pending=3 running=1 handed-off=2
[2026-05-17T16:49:04.783Z] sweep m2-optimistic-writes: pending=3 running=1 handed-off=2
[2026-05-17T16:49:14.784Z] sweep m2-optimistic-writes: pending=3 running=1 handed-off=2
[2026-05-17T16:49:24.784Z] sweep m2-optimistic-writes: pending=3 running=1 handed-off=2
[2026-05-17T16:49:34.785Z] sweep m2-optimistic-writes: pending=3 running=1 handed-off=2
[2026-05-17T16:49:44.787Z] sweep m2-optimistic-writes: pending=3 running=1 handed-off=2
[2026-05-17T16:49:54.787Z] sweep m2-optimistic-writes: pending=3 running=1 handed-off=2
[2026-05-17T16:50:04.789Z] sweep m2-optimistic-writes: pending=3 running=1 handed-off=2
[2026-05-17T16:50:14.789Z] sweep m2-optimistic-writes: pending=3 running=1 handed-off=2
[2026-05-17T16:50:24.791Z] sweep m2-optimistic-writes: pending=3 running=1 handed-off=2
[2026-05-17T16:50:34.792Z] sweep m2-optimistic-writes: pending=3 running=1 handed-off=2
[2026-05-17T16:50:44.794Z] sweep m2-optimistic-writes: pending=3 running=1 handed-off=2
[2026-05-17T16:50:54.794Z] sweep m2-optimistic-writes: pending=3 running=1 handed-off=2
[2026-05-17T16:51:04.796Z] sweep m2-optimistic-writes: pending=3 running=1 handed-off=2
[2026-05-17T16:51:14.797Z] sweep m2-optimistic-writes: pending=3 running=1 handed-off=2
[2026-05-17T16:51:24.799Z] sweep m2-optimistic-writes: pending=3 running=1 handed-off=2
[2026-05-17T16:51:34.800Z] sweep m2-optimistic-writes: pending=3 running=1 handed-off=2
[2026-05-17T16:51:44.802Z] sweep m2-optimistic-writes: pending=3 running=1 handed-off=2
[2026-05-17T16:51:54.803Z] sweep m2-optimistic-writes: pending=3 running=1 handed-off=2
[2026-05-17T16:52:04.804Z] sweep m2-optimistic-writes: pending=3 running=1 handed-off=2
[2026-05-17T16:52:14.804Z] sweep m2-optimistic-writes: pending=3 running=1 handed-off=2
[2026-05-17T16:52:24.806Z] sweep m2-optimistic-writes: pending=3 running=1 handed-off=2
[2026-05-17T16:52:34.808Z] sweep m2-optimistic-writes: pending=3 running=1 handed-off=2
[2026-05-17T16:52:44.809Z] sweep m2-optimistic-writes: pending=3 running=1 handed-off=2
[2026-05-17T16:52:54.810Z] sweep m2-optimistic-writes: pending=3 running=1 handed-off=2
[2026-05-17T16:53:04.812Z] sweep m2-optimistic-writes: pending=3 running=1 handed-off=2
[2026-05-17T16:53:14.812Z] sweep m2-optimistic-writes: pending=3 running=1 handed-off=2
[2026-05-17T16:53:24.814Z] sweep m2-optimistic-writes: pending=3 running=1 handed-off=2
[2026-05-17T16:53:34.815Z] sweep m2-optimistic-writes: pending=3 running=1 handed-off=2
[2026-05-17T16:53:44.817Z] sweep m2-optimistic-writes: pending=3 running=1 handed-off=2
[2026-05-17T16:53:54.817Z] sweep m2-optimistic-writes: pending=3 running=1 handed-off=2
[2026-05-17T16:54:04.819Z] sweep m2-optimistic-writes: pending=3 running=1 handed-off=2
[2026-05-17T16:54:14.820Z] sweep m2-optimistic-writes: pending=3 running=1 handed-off=2
[2026-05-17T16:54:24.822Z] sweep m2-optimistic-writes: pending=3 running=1 handed-off=2
[2026-05-17T16:54:34.822Z] sweep m2-optimistic-writes: pending=3 running=1 handed-off=2
[2026-05-17T16:54:44.824Z] sweep m2-optimistic-writes: pending=3 running=1 handed-off=2
[2026-05-17T16:54:54.825Z] sweep m2-optimistic-writes: pending=3 running=1 handed-off=2
[2026-05-17T16:55:04.826Z] sweep m2-optimistic-writes: pending=3 running=1 handed-off=2
[2026-05-17T16:55:14.827Z] sweep m2-optimistic-writes: pending=3 running=1 handed-off=2
[2026-05-17T16:55:24.829Z] sweep m2-optimistic-writes: pending=3 running=1 handed-off=2
[2026-05-17T16:55:34.829Z] sweep m2-optimistic-writes: pending=3 running=1 handed-off=2
[2026-05-17T16:55:44.831Z] sweep m2-optimistic-writes: pending=3 running=1 handed-off=2
[2026-05-17T16:55:54.832Z] sweep m2-optimistic-writes: pending=3 running=1 handed-off=2
[2026-05-17T16:56:04.833Z] sweep m2-optimistic-writes: pending=3 running=1 handed-off=2
[2026-05-17T16:56:14.834Z] sweep m2-optimistic-writes: pending=3 running=1 handed-off=2
[2026-05-17T16:56:24.835Z] sweep m2-optimistic-writes: pending=3 running=1 handed-off=2
[2026-05-17T16:56:34.835Z] sweep m2-optimistic-writes: pending=3 running=1 handed-off=2
[2026-05-17T16:56:44.836Z] sweep m2-optimistic-writes: pending=3 running=1 handed-off=2
[2026-05-17T16:56:54.837Z] sweep m2-optimistic-writes: pending=3 running=1 handed-off=2
[2026-05-17T16:57:04.838Z] sweep m2-optimistic-writes: pending=3 running=1 handed-off=2
[2026-05-17T16:57:14.838Z] sweep m2-optimistic-writes: pending=3 running=1 handed-off=2
[2026-05-17T16:57:24.839Z] sweep m2-optimistic-writes: pending=3 running=1 handed-off=2
[2026-05-17T16:57:34.840Z] sweep m2-optimistic-writes: pending=3 running=1 handed-off=2
[2026-05-17T16:57:44.841Z] sweep m2-optimistic-writes: pending=3 running=1 handed-off=2
[2026-05-17T16:57:54.842Z] sweep m2-optimistic-writes: pending=3 running=1 handed-off=2
[2026-05-17T16:58:04.843Z] sweep m2-optimistic-writes: pending=3 running=1 handed-off=2
[2026-05-17T16:58:14.844Z] sweep m2-optimistic-writes: pending=3 running=1 handed-off=2
[2026-05-17T16:58:24.844Z] sweep m2-optimistic-writes: pending=3 running=1 handed-off=2
[2026-05-17T16:58:34.845Z] sweep m2-optimistic-writes: pending=3 running=1 handed-off=2
[2026-05-17T16:58:44.846Z] sweep m2-optimistic-writes: pending=3 running=1 handed-off=2
[2026-05-17T16:58:54.846Z] sweep m2-optimistic-writes: pending=3 running=1 handed-off=2
[2026-05-17T16:59:04.848Z] sweep m2-optimistic-writes: pending=3 running=1 handed-off=2
[2026-05-17T16:59:14.848Z] sweep m2-optimistic-writes: pending=3 running=1 handed-off=2
[2026-05-17T16:59:24.849Z] sweep m2-optimistic-writes: pending=3 running=1 handed-off=2
[2026-05-17T16:59:34.850Z] sweep m2-optimistic-writes: pending=3 running=1 handed-off=2
[2026-05-17T16:59:44.851Z] sweep m2-optimistic-writes: pending=3 running=1 handed-off=2
[2026-05-17T16:59:54.852Z] sweep m2-optimistic-writes: pending=3 running=1 handed-off=2
[2026-05-17T17:00:04.853Z] sweep m2-optimistic-writes: pending=3 running=1 handed-off=2
[2026-05-17T17:00:14.853Z] sweep m2-optimistic-writes: pending=3 running=1 handed-off=2
[2026-05-17T17:00:24.854Z] sweep m2-optimistic-writes: pending=3 running=1 handed-off=2
[2026-05-17T17:00:34.854Z] sweep m2-optimistic-writes: pending=3 running=1 handed-off=2
[2026-05-17T17:00:44.855Z] sweep m2-optimistic-writes: pending=3 running=1 handed-off=2
[2026-05-17T17:00:54.856Z] sweep m2-optimistic-writes: pending=3 running=1 handed-off=2
[2026-05-17T17:01:04.857Z] sweep m2-optimistic-writes: pending=3 running=1 handed-off=2
[2026-05-17T17:01:14.857Z] sweep m2-optimistic-writes: pending=3 running=1 handed-off=2
[2026-05-17T17:01:24.858Z] sweep m2-optimistic-writes: pending=3 running=1 handed-off=2
[2026-05-17T17:01:34.859Z] sweep m2-optimistic-writes: pending=3 running=1 handed-off=2
[2026-05-17T17:01:44.859Z] sweep m2-optimistic-writes: pending=3 running=1 handed-off=2
[2026-05-17T17:01:54.860Z] sweep m2-optimistic-writes: pending=3 running=1 handed-off=2
[2026-05-17T17:02:04.861Z] sweep m2-optimistic-writes: pending=3 running=1 handed-off=2
[2026-05-17T17:02:14.861Z] sweep m2-optimistic-writes: pending=3 running=1 handed-off=2
[2026-05-17T17:02:24.863Z] sweep m2-optimistic-writes: pending=3 running=1 handed-off=2
[2026-05-17T17:02:34.865Z] sweep m2-optimistic-writes: pending=3 running=1 handed-off=2
[2026-05-17T17:02:44.867Z] sweep m2-optimistic-writes: pending=3 running=1 handed-off=2
[2026-05-17T17:02:54.872Z] sweep m2-optimistic-writes: pending=3 running=1 handed-off=2
[2026-05-17T17:03:04.874Z] sweep m2-optimistic-writes: pending=3 running=1 handed-off=2
[2026-05-17T17:03:14.875Z] sweep m2-optimistic-writes: pending=3 running=1 handed-off=2
[2026-05-17T17:03:24.880Z] sweep m2-optimistic-writes: pending=3 running=1 handed-off=2
[2026-05-17T17:03:34.882Z] sweep m2-optimistic-writes: pending=3 running=1 handed-off=2
[2026-05-17T17:03:44.884Z] sweep m2-optimistic-writes: pending=3 running=1 handed-off=2
[2026-05-17T17:03:54.885Z] sweep m2-optimistic-writes: pending=3 running=1 handed-off=2
[2026-05-17T17:04:04.886Z] sweep m2-optimistic-writes: pending=3 running=1 handed-off=2
[2026-05-17T17:04:14.887Z] sweep m2-optimistic-writes: pending=3 running=1 handed-off=2
[2026-05-17T17:04:24.888Z] sweep m2-optimistic-writes: pending=3 running=1 handed-off=2
[2026-05-17T17:04:34.890Z] sweep m2-optimistic-writes: pending=3 running=1 handed-off=2
[2026-05-17T17:04:44.891Z] sweep m2-optimistic-writes: pending=3 running=1 handed-off=2
[2026-05-17T17:04:54.892Z] sweep m2-optimistic-writes: pending=3 running=1 handed-off=2
[2026-05-17T17:05:04.893Z] sweep m2-optimistic-writes: pending=3 running=1 handed-off=2
[2026-05-17T17:05:14.894Z] sweep m2-optimistic-writes: pending=3 running=1 handed-off=2
[2026-05-17T17:05:24.895Z] sweep m2-optimistic-writes: pending=3 running=1 handed-off=2
[2026-05-17T17:05:34.898Z] sweep m2-optimistic-writes: pending=3 running=1 handed-off=2
[2026-05-17T17:05:44.899Z] sweep m2-optimistic-writes: pending=3 running=1 handed-off=2
[2026-05-17T17:05:54.900Z] sweep m2-optimistic-writes: pending=3 running=1 handed-off=2
[2026-05-17T17:06:04.901Z] sweep m2-optimistic-writes: pending=3 running=1 handed-off=2
[2026-05-17T17:06:14.902Z] sweep m2-optimistic-writes: pending=3 running=1 handed-off=2
[2026-05-17T17:06:24.903Z] sweep m2-optimistic-writes: pending=3 running=1 handed-off=2
[2026-05-17T17:06:34.905Z] sweep m2-optimistic-writes: pending=3 running=1 handed-off=2
[2026-05-17T17:06:44.906Z] sweep m2-optimistic-writes: pending=3 running=1 handed-off=2
[2026-05-17T17:06:54.907Z] sweep m2-optimistic-writes: pending=3 running=1 handed-off=2
[2026-05-17T17:07:04.908Z] sweep m2-optimistic-writes: pending=3 running=1 handed-off=2
[2026-05-17T17:07:14.909Z] sweep m2-optimistic-writes: pending=3 running=1 handed-off=2
[2026-05-17T17:07:24.910Z] sweep m2-optimistic-writes: pending=3 running=1 handed-off=2
[2026-05-17T17:07:34.912Z] sweep m2-optimistic-writes: pending=3 running=1 handed-off=2
[2026-05-17T17:07:44.913Z] sweep m2-optimistic-writes: pending=3 running=1 handed-off=2
[2026-05-17T17:07:54.914Z] sweep m2-optimistic-writes: pending=3 running=1 handed-off=2
[2026-05-17T17:08:04.915Z] sweep m2-optimistic-writes: pending=3 running=1 handed-off=2
[2026-05-17T17:08:14.916Z] sweep m2-optimistic-writes: pending=3 running=1 handed-off=2
[2026-05-17T17:08:24.917Z] sweep m2-optimistic-writes: pending=3 running=1 handed-off=2
[2026-05-17T17:08:34.919Z] sweep m2-optimistic-writes: pending=3 running=1 handed-off=2
[2026-05-17T17:08:44.920Z] sweep m2-optimistic-writes: pending=3 running=1 handed-off=2
[2026-05-17T17:08:54.921Z] sweep m2-optimistic-writes: pending=3 running=1 handed-off=2
[2026-05-17T17:09:04.922Z] sweep m2-optimistic-writes: pending=3 running=1 handed-off=2
[2026-05-17T17:09:14.923Z] sweep m2-optimistic-writes: pending=3 running=1 handed-off=2
[2026-05-17T17:09:24.925Z] sweep m2-optimistic-writes: pending=3 running=1 handed-off=2
[2026-05-17T17:09:34.926Z] sweep m2-optimistic-writes: pending=3 running=1 handed-off=2
[2026-05-17T17:09:44.927Z] sweep m2-optimistic-writes: pending=3 running=1 handed-off=2
[2026-05-17T17:09:54.928Z] sweep m2-optimistic-writes: pending=3 running=1 handed-off=2
[2026-05-17T17:10:04.929Z] sweep m2-optimistic-writes: pending=3 running=1 handed-off=2
[2026-05-17T17:10:14.931Z] sweep m2-optimistic-writes: pending=3 running=1 handed-off=2
[2026-05-17T17:10:24.932Z] sweep m2-optimistic-writes: pending=3 running=1 handed-off=2
[2026-05-17T17:10:34.934Z] sweep m2-optimistic-writes: pending=3 running=1 handed-off=2
[2026-05-17T17:10:44.935Z] sweep m2-optimistic-writes: pending=3 running=1 handed-off=2
[2026-05-17T17:10:54.936Z] sweep m2-optimistic-writes: pending=3 running=1 handed-off=2
[2026-05-17T17:11:04.937Z] sweep m2-optimistic-writes: pending=3 running=1 handed-off=2
[2026-05-17T17:11:14.939Z] sweep m2-optimistic-writes: pending=3 running=1 handed-off=2
[2026-05-17T17:11:24.944Z] sweep m2-optimistic-writes: pending=3 running=1 handed-off=2
[2026-05-17T17:11:34.946Z] sweep m2-optimistic-writes: pending=3 running=1 handed-off=2
[2026-05-17T17:11:44.947Z] sweep m2-optimistic-writes: pending=3 running=1 handed-off=2
[2026-05-17T17:11:54.948Z] sweep m2-optimistic-writes: pending=3 running=1 handed-off=2
[2026-05-17T17:12:04.950Z] sweep m2-optimistic-writes: pending=3 running=1 handed-off=2
[2026-05-17T17:12:14.952Z] sweep m2-optimistic-writes: pending=3 running=1 handed-off=2
[2026-05-17T17:12:24.953Z] sweep m2-optimistic-writes: pending=3 running=1 handed-off=2
[2026-05-17T17:12:34.954Z] sweep m2-optimistic-writes: pending=3 running=1 handed-off=2
[2026-05-17T17:12:44.954Z] sweep m2-optimistic-writes: pending=3 running=1 handed-off=2
[2026-05-17T17:12:54.955Z] sweep m2-optimistic-writes: pending=3 running=1 handed-off=2
[2026-05-17T17:13:04.956Z] sweep m2-optimistic-writes: pending=3 running=1 handed-off=2
[2026-05-17T17:13:14.957Z] sweep m2-optimistic-writes: pending=3 running=1 handed-off=2
[2026-05-17T17:13:24.957Z] sweep m2-optimistic-writes: pending=3 running=1 handed-off=2
[2026-05-17T17:13:37.326Z] sweep m2-optimistic-writes: pending=2 running=1 handed-off=3
[2026-05-17T17:13:47.327Z] sweep m2-optimistic-writes: pending=2 running=1 handed-off=3
[2026-05-17T17:13:57.329Z] sweep m2-optimistic-writes: pending=2 running=1 handed-off=3
[2026-05-17T17:14:07.330Z] sweep m2-optimistic-writes: pending=2 running=1 handed-off=3
[2026-05-17T17:14:17.331Z] sweep m2-optimistic-writes: pending=2 running=1 handed-off=3
[2026-05-17T17:14:27.332Z] sweep m2-optimistic-writes: pending=2 running=1 handed-off=3
[2026-05-17T17:14:37.333Z] sweep m2-optimistic-writes: pending=2 running=1 handed-off=3
[2026-05-17T17:14:47.333Z] sweep m2-optimistic-writes: pending=2 running=1 handed-off=3
[2026-05-17T17:14:57.335Z] sweep m2-optimistic-writes: pending=2 running=1 handed-off=3
[2026-05-17T17:15:07.336Z] sweep m2-optimistic-writes: pending=2 running=1 handed-off=3
[2026-05-17T17:15:17.336Z] sweep m2-optimistic-writes: pending=2 running=1 handed-off=3
[2026-05-17T17:15:27.338Z] sweep m2-optimistic-writes: pending=2 running=1 handed-off=3
[2026-05-17T17:15:37.338Z] sweep m2-optimistic-writes: pending=2 running=1 handed-off=3
[2026-05-17T17:15:47.340Z] sweep m2-optimistic-writes: pending=2 running=1 handed-off=3
[2026-05-17T17:15:57.341Z] sweep m2-optimistic-writes: pending=2 running=1 handed-off=3
[2026-05-17T17:16:07.342Z] sweep m2-optimistic-writes: pending=2 running=1 handed-off=3
[2026-05-17T17:16:17.344Z] sweep m2-optimistic-writes: pending=2 running=1 handed-off=3
[2026-05-17T17:16:27.345Z] sweep m2-optimistic-writes: pending=2 running=1 handed-off=3
[2026-05-17T17:16:37.346Z] sweep m2-optimistic-writes: pending=2 running=1 handed-off=3
[2026-05-17T17:16:47.347Z] sweep m2-optimistic-writes: pending=2 running=1 handed-off=3
[2026-05-17T17:16:57.349Z] sweep m2-optimistic-writes: pending=2 running=1 handed-off=3
[2026-05-17T17:17:07.350Z] sweep m2-optimistic-writes: pending=2 running=1 handed-off=3
[2026-05-17T17:17:17.351Z] sweep m2-optimistic-writes: pending=2 running=1 handed-off=3
[2026-05-17T17:17:27.352Z] sweep m2-optimistic-writes: pending=2 running=1 handed-off=3
[2026-05-17T17:17:37.353Z] sweep m2-optimistic-writes: pending=2 running=1 handed-off=3
[2026-05-17T17:17:47.354Z] sweep m2-optimistic-writes: pending=2 running=1 handed-off=3
[2026-05-17T17:17:57.356Z] sweep m2-optimistic-writes: pending=2 running=1 handed-off=3
[2026-05-17T17:18:07.357Z] sweep m2-optimistic-writes: pending=2 running=1 handed-off=3
[2026-05-17T17:18:17.357Z] sweep m2-optimistic-writes: pending=2 running=1 handed-off=3
[2026-05-17T17:18:27.358Z] sweep m2-optimistic-writes: pending=2 running=1 handed-off=3
[2026-05-17T17:18:37.360Z] sweep m2-optimistic-writes: pending=2 running=1 handed-off=3
[2026-05-17T17:18:47.365Z] sweep m2-optimistic-writes: pending=2 running=1 handed-off=3
[2026-05-17T17:18:57.366Z] sweep m2-optimistic-writes: pending=2 running=1 handed-off=3
[2026-05-17T17:19:07.366Z] sweep m2-optimistic-writes: pending=2 running=1 handed-off=3
[2026-05-17T17:19:17.367Z] sweep m2-optimistic-writes: pending=2 running=1 handed-off=3
[2026-05-17T17:19:27.368Z] sweep m2-optimistic-writes: pending=2 running=1 handed-off=3
[2026-05-17T17:19:37.369Z] sweep m2-optimistic-writes: pending=2 running=1 handed-off=3
[2026-05-17T17:19:47.370Z] sweep m2-optimistic-writes: pending=2 running=1 handed-off=3
[2026-05-17T17:19:57.370Z] sweep m2-optimistic-writes: pending=2 running=1 handed-off=3
[2026-05-17T17:20:07.371Z] sweep m2-optimistic-writes: pending=2 running=1 handed-off=3
[2026-05-17T17:20:17.372Z] sweep m2-optimistic-writes: pending=2 running=1 handed-off=3
[2026-05-17T17:20:27.374Z] sweep m2-optimistic-writes: pending=2 running=1 handed-off=3
[2026-05-17T17:20:37.376Z] sweep m2-optimistic-writes: pending=2 running=1 handed-off=3
[2026-05-17T17:20:47.378Z] sweep m2-optimistic-writes: pending=2 running=1 handed-off=3
[2026-05-17T17:20:57.379Z] sweep m2-optimistic-writes: pending=2 running=1 handed-off=3
[2026-05-17T17:21:07.381Z] sweep m2-optimistic-writes: pending=2 running=1 handed-off=3
[2026-05-17T17:21:17.383Z] sweep m2-optimistic-writes: pending=2 running=1 handed-off=3
[2026-05-17T17:21:27.384Z] sweep m2-optimistic-writes: pending=2 running=1 handed-off=3
[2026-05-17T17:21:37.385Z] sweep m2-optimistic-writes: pending=2 running=1 handed-off=3
[2026-05-17T17:21:47.386Z] sweep m2-optimistic-writes: pending=2 running=1 handed-off=3
[2026-05-17T17:21:57.387Z] sweep m2-optimistic-writes: pending=2 running=1 handed-off=3
[2026-05-17T17:22:07.388Z] sweep m2-optimistic-writes: pending=2 running=1 handed-off=3
[2026-05-17T17:22:17.390Z] sweep m2-optimistic-writes: pending=2 running=1 handed-off=3
[2026-05-17T17:22:27.391Z] sweep m2-optimistic-writes: pending=2 running=1 handed-off=3
[2026-05-17T17:22:37.394Z] sweep m2-optimistic-writes: pending=2 running=1 handed-off=3
[2026-05-17T17:22:47.395Z] sweep m2-optimistic-writes: pending=2 running=1 handed-off=3
[2026-05-17T17:22:57.397Z] sweep m2-optimistic-writes: pending=2 running=1 handed-off=3
[2026-05-17T17:23:07.398Z] sweep m2-optimistic-writes: pending=2 running=1 handed-off=3
[2026-05-17T17:23:17.399Z] sweep m2-optimistic-writes: pending=2 running=1 handed-off=3
[2026-05-17T17:23:27.401Z] sweep m2-optimistic-writes: pending=2 running=1 handed-off=3
[2026-05-17T17:23:37.402Z] sweep m2-optimistic-writes: pending=2 running=1 handed-off=3
[2026-05-17T17:23:47.403Z] sweep m2-optimistic-writes: pending=2 running=1 handed-off=3
[2026-05-17T17:23:57.405Z] sweep m2-optimistic-writes: pending=2 running=1 handed-off=3
[2026-05-17T17:24:07.406Z] sweep m2-optimistic-writes: pending=2 running=1 handed-off=3
[2026-05-17T17:24:17.407Z] sweep m2-optimistic-writes: pending=2 running=1 handed-off=3
[2026-05-17T17:24:27.409Z] sweep m2-optimistic-writes: pending=2 running=1 handed-off=3
[2026-05-17T17:24:37.411Z] sweep m2-optimistic-writes: pending=2 running=1 handed-off=3
[2026-05-17T17:24:47.412Z] sweep m2-optimistic-writes: pending=2 running=1 handed-off=3
[2026-05-17T17:24:57.414Z] sweep m2-optimistic-writes: pending=2 running=1 handed-off=3
[2026-05-17T17:25:07.415Z] sweep m2-optimistic-writes: pending=2 running=1 handed-off=3
[2026-05-17T17:25:17.416Z] sweep m2-optimistic-writes: pending=2 running=1 handed-off=3
[2026-05-17T17:25:27.418Z] sweep m2-optimistic-writes: pending=2 running=1 handed-off=3
[2026-05-17T17:25:37.419Z] sweep m2-optimistic-writes: pending=2 running=1 handed-off=3
[2026-05-17T17:25:47.419Z] sweep m2-optimistic-writes: pending=2 running=1 handed-off=3
[2026-05-17T17:25:57.420Z] sweep m2-optimistic-writes: pending=2 running=1 handed-off=3
[2026-05-17T17:26:07.421Z] sweep m2-optimistic-writes: pending=2 running=1 handed-off=3
[2026-05-17T17:26:17.423Z] sweep m2-optimistic-writes: pending=2 running=1 handed-off=3
[2026-05-17T17:26:27.424Z] sweep m2-optimistic-writes: pending=2 running=1 handed-off=3
[2026-05-17T17:26:37.426Z] sweep m2-optimistic-writes: pending=2 running=1 handed-off=3
[2026-05-17T17:26:47.427Z] sweep m2-optimistic-writes: pending=2 running=1 handed-off=3
[2026-05-17T17:26:57.429Z] sweep m2-optimistic-writes: pending=2 running=1 handed-off=3
[2026-05-17T17:27:07.429Z] sweep m2-optimistic-writes: pending=2 running=1 handed-off=3
[2026-05-17T17:27:17.431Z] sweep m2-optimistic-writes: pending=2 running=1 handed-off=3
[2026-05-17T17:27:27.432Z] sweep m2-optimistic-writes: pending=2 running=1 handed-off=3
[2026-05-17T17:27:37.434Z] sweep m2-optimistic-writes: pending=2 running=1 handed-off=3
[2026-05-17T17:27:47.435Z] sweep m2-optimistic-writes: pending=2 running=1 handed-off=3
[2026-05-17T17:27:57.437Z] sweep m2-optimistic-writes: pending=2 running=1 handed-off=3
[2026-05-17T17:28:07.439Z] sweep m2-optimistic-writes: pending=2 running=1 handed-off=3
[2026-05-17T17:28:17.439Z] sweep m2-optimistic-writes: pending=2 running=1 handed-off=3
[2026-05-17T17:28:27.440Z] sweep m2-optimistic-writes: pending=2 running=1 handed-off=3
[2026-05-17T17:28:37.440Z] sweep m2-optimistic-writes: pending=2 running=1 handed-off=3
[2026-05-17T17:28:47.441Z] sweep m2-optimistic-writes: pending=2 running=1 handed-off=3
[2026-05-17T17:28:57.442Z] sweep m2-optimistic-writes: pending=2 running=1 handed-off=3
[2026-05-17T17:29:07.443Z] sweep m2-optimistic-writes: pending=2 running=1 handed-off=3
[2026-05-17T17:29:17.443Z] sweep m2-optimistic-writes: pending=2 running=1 handed-off=3
[2026-05-17T17:29:27.444Z] sweep m2-optimistic-writes: pending=2 running=1 handed-off=3
[2026-05-17T17:29:37.444Z] sweep m2-optimistic-writes: pending=2 running=1 handed-off=3
[2026-05-17T17:29:47.446Z] sweep m2-optimistic-writes: pending=2 running=1 handed-off=3
[2026-05-17T17:29:57.447Z] sweep m2-optimistic-writes: pending=2 running=1 handed-off=3
[2026-05-17T17:30:07.448Z] sweep m2-optimistic-writes: pending=2 running=1 handed-off=3
[2026-05-17T17:30:17.448Z] sweep m2-optimistic-writes: pending=2 running=1 handed-off=3
[2026-05-17T17:30:27.449Z] sweep m2-optimistic-writes: pending=2 running=1 handed-off=3
[2026-05-17T17:30:37.449Z] sweep m2-optimistic-writes: pending=2 running=1 handed-off=3
[2026-05-17T17:30:47.451Z] sweep m2-optimistic-writes: pending=2 running=1 handed-off=3
[2026-05-17T17:30:57.451Z] sweep m2-optimistic-writes: pending=2 running=1 handed-off=3
[2026-05-17T17:31:07.452Z] sweep m2-optimistic-writes: pending=2 running=1 handed-off=3
[2026-05-17T17:31:17.452Z] sweep m2-optimistic-writes: pending=2 running=1 handed-off=3
[2026-05-17T17:31:27.454Z] sweep m2-optimistic-writes: pending=2 running=1 handed-off=3
[2026-05-17T17:31:37.455Z] sweep m2-optimistic-writes: pending=2 running=1 handed-off=3
[2026-05-17T17:31:47.456Z] sweep m2-optimistic-writes: pending=2 running=1 handed-off=3
[2026-05-17T17:31:57.458Z] sweep m2-optimistic-writes: pending=2 running=1 handed-off=3
[2026-05-17T17:32:07.459Z] sweep m2-optimistic-writes: pending=2 running=1 handed-off=3
[2026-05-17T17:32:17.460Z] sweep m2-optimistic-writes: pending=2 running=1 handed-off=3
[2026-05-17T17:32:27.461Z] sweep m2-optimistic-writes: pending=2 running=1 handed-off=3
[2026-05-17T17:32:37.462Z] sweep m2-optimistic-writes: pending=2 running=1 handed-off=3
[2026-05-17T17:32:47.464Z] sweep m2-optimistic-writes: pending=2 running=1 handed-off=3
[2026-05-17T17:32:57.465Z] sweep m2-optimistic-writes: pending=2 running=1 handed-off=3
[2026-05-17T17:33:07.466Z] sweep m2-optimistic-writes: pending=2 running=1 handed-off=3
[2026-05-17T17:33:17.466Z] sweep m2-optimistic-writes: pending=2 running=1 handed-off=3
[2026-05-17T17:33:27.468Z] sweep m2-optimistic-writes: pending=2 running=1 handed-off=3
[2026-05-17T17:33:37.469Z] sweep m2-optimistic-writes: pending=2 running=1 handed-off=3
[2026-05-17T17:33:47.471Z] sweep m2-optimistic-writes: pending=2 running=1 handed-off=3
[2026-05-17T17:33:57.471Z] sweep m2-optimistic-writes: pending=2 running=1 handed-off=3
[2026-05-17T17:34:07.472Z] sweep m2-optimistic-writes: pending=2 running=1 handed-off=3
[2026-05-17T17:34:17.473Z] sweep m2-optimistic-writes: pending=2 running=1 handed-off=3
[2026-05-17T17:34:27.474Z] sweep m2-optimistic-writes: pending=2 running=1 handed-off=3
[2026-05-17T17:34:37.474Z] sweep m2-optimistic-writes: pending=2 running=1 handed-off=3
[2026-05-17T17:34:47.475Z] sweep m2-optimistic-writes: pending=2 running=1 handed-off=3
[2026-05-17T17:34:57.476Z] sweep m2-optimistic-writes: pending=2 running=1 handed-off=3
[2026-05-17T17:35:07.477Z] sweep m2-optimistic-writes: pending=2 running=1 handed-off=3
[2026-05-17T17:35:17.478Z] sweep m2-optimistic-writes: pending=2 running=1 handed-off=3
[2026-05-17T17:35:27.479Z] sweep m2-optimistic-writes: pending=2 running=1 handed-off=3
[2026-05-17T17:35:37.480Z] sweep m2-optimistic-writes: pending=2 running=1 handed-off=3
[2026-05-17T17:35:47.480Z] sweep m2-optimistic-writes: pending=2 running=1 handed-off=3
[2026-05-17T17:35:57.482Z] sweep m2-optimistic-writes: pending=2 running=1 handed-off=3
[2026-05-17T17:36:07.482Z] sweep m2-optimistic-writes: pending=2 running=1 handed-off=3
[2026-05-17T17:36:17.483Z] sweep m2-optimistic-writes: pending=2 running=1 handed-off=3
[2026-05-17T17:36:27.484Z] sweep m2-optimistic-writes: pending=2 running=1 handed-off=3
[2026-05-17T17:36:37.485Z] sweep m2-optimistic-writes: pending=2 running=1 handed-off=3
[2026-05-17T17:36:47.487Z] sweep m2-optimistic-writes: pending=2 running=1 handed-off=3
[2026-05-17T17:36:57.488Z] sweep m2-optimistic-writes: pending=2 running=1 handed-off=3
[2026-05-17T17:37:07.489Z] sweep m2-optimistic-writes: pending=2 running=1 handed-off=3
[2026-05-17T17:37:17.490Z] sweep m2-optimistic-writes: pending=2 running=1 handed-off=3
[2026-05-17T17:37:27.491Z] sweep m2-optimistic-writes: pending=2 running=1 handed-off=3
[2026-05-17T17:37:37.491Z] sweep m2-optimistic-writes: pending=2 running=1 handed-off=3
[2026-05-17T17:37:47.493Z] sweep m2-optimistic-writes: pending=2 running=1 handed-off=3
[2026-05-17T17:37:57.494Z] sweep m2-optimistic-writes: pending=2 running=1 handed-off=3
[2026-05-17T17:38:07.494Z] sweep m2-optimistic-writes: pending=2 running=1 handed-off=3
[2026-05-17T17:38:17.495Z] sweep m2-optimistic-writes: pending=2 running=1 handed-off=3
[2026-05-17T17:38:27.496Z] sweep m2-optimistic-writes: pending=2 running=1 handed-off=3
[2026-05-17T17:38:37.497Z] sweep m2-optimistic-writes: pending=2 running=1 handed-off=3
[2026-05-17T17:38:47.498Z] sweep m2-optimistic-writes: pending=2 running=1 handed-off=3
[2026-05-17T17:38:57.499Z] sweep m2-optimistic-writes: pending=2 running=1 handed-off=3
[2026-05-17T17:39:07.499Z] sweep m2-optimistic-writes: pending=2 running=1 handed-off=3
[2026-05-17T17:39:17.500Z] sweep m2-optimistic-writes: pending=2 running=1 handed-off=3
[2026-05-17T17:39:27.501Z] sweep m2-optimistic-writes: pending=2 running=1 handed-off=3
[2026-05-17T17:39:37.503Z] sweep m2-optimistic-writes: pending=2 running=1 handed-off=3
[2026-05-17T17:39:47.503Z] sweep m2-optimistic-writes: pending=2 running=1 handed-off=3
[2026-05-17T17:39:57.504Z] sweep m2-optimistic-writes: pending=2 running=1 handed-off=3
[2026-05-17T17:40:07.507Z] sweep m2-optimistic-writes: pending=2 running=1 handed-off=3
[2026-05-17T17:40:17.508Z] sweep m2-optimistic-writes: pending=2 running=1 handed-off=3
[2026-05-17T17:40:27.509Z] sweep m2-optimistic-writes: pending=2 running=1 handed-off=3
[2026-05-17T17:40:37.510Z] sweep m2-optimistic-writes: pending=2 running=1 handed-off=3
[2026-05-17T17:40:47.512Z] sweep m2-optimistic-writes: pending=2 running=1 handed-off=3
[2026-05-17T17:40:57.513Z] sweep m2-optimistic-writes: pending=2 running=1 handed-off=3
[2026-05-17T17:41:07.514Z] sweep m2-optimistic-writes: pending=2 running=1 handed-off=3
[2026-05-17T17:41:17.515Z] sweep m2-optimistic-writes: pending=2 running=1 handed-off=3
[2026-05-17T17:41:27.517Z] sweep m2-optimistic-writes: pending=2 running=1 handed-off=3
[2026-05-17T17:41:37.517Z] sweep m2-optimistic-writes: pending=2 running=1 handed-off=3
[2026-05-17T17:41:47.518Z] sweep m2-optimistic-writes: pending=2 running=1 handed-off=3
[2026-05-17T17:41:57.519Z] sweep m2-optimistic-writes: pending=2 running=1 handed-off=3
[2026-05-17T17:42:07.521Z] sweep m2-optimistic-writes: pending=2 running=1 handed-off=3
[2026-05-17T17:42:17.523Z] sweep m2-optimistic-writes: pending=2 running=1 handed-off=3
[2026-05-17T17:42:27.524Z] sweep m2-optimistic-writes: pending=2 running=1 handed-off=3
[2026-05-17T17:42:37.526Z] sweep m2-optimistic-writes: pending=2 running=1 handed-off=3
[2026-05-17T17:42:47.528Z] sweep m2-optimistic-writes: pending=2 running=1 handed-off=3
[2026-05-17T17:42:57.529Z] sweep m2-optimistic-writes: pending=2 running=1 handed-off=3
[2026-05-17T17:43:07.530Z] sweep m2-optimistic-writes: pending=2 running=1 handed-off=3
[2026-05-17T17:43:17.532Z] sweep m2-optimistic-writes: pending=2 running=1 handed-off=3
[2026-05-17T17:43:27.535Z] sweep m2-optimistic-writes: pending=2 running=1 handed-off=3
[2026-05-17T17:43:37.536Z] sweep m2-optimistic-writes: pending=2 running=1 handed-off=3
[2026-05-17T17:43:47.538Z] sweep m2-optimistic-writes: pending=2 running=1 handed-off=3
[2026-05-17T17:43:57.540Z] sweep m2-optimistic-writes: pending=2 running=1 handed-off=3
[2026-05-17T17:44:07.541Z] sweep m2-optimistic-writes: pending=2 running=1 handed-off=3
[2026-05-17T17:44:17.543Z] sweep m2-optimistic-writes: pending=2 running=1 handed-off=3
[2026-05-17T17:44:27.543Z] sweep m2-optimistic-writes: pending=2 running=1 handed-off=3
[2026-05-17T17:44:37.545Z] sweep m2-optimistic-writes: pending=2 running=1 handed-off=3
[2026-05-17T17:44:47.546Z] sweep m2-optimistic-writes: pending=2 running=1 handed-off=3
[2026-05-17T17:44:57.547Z] sweep m2-optimistic-writes: pending=2 running=1 handed-off=3
[2026-05-17T17:45:07.548Z] sweep m2-optimistic-writes: pending=2 running=1 handed-off=3
[2026-05-17T17:45:17.549Z] sweep m2-optimistic-writes: pending=2 running=1 handed-off=3
[2026-05-17T17:45:27.551Z] sweep m2-optimistic-writes: pending=2 running=1 handed-off=3
[2026-05-17T17:45:37.553Z] sweep m2-optimistic-writes: pending=2 running=1 handed-off=3
[2026-05-17T17:45:47.555Z] sweep m2-optimistic-writes: pending=2 running=1 handed-off=3
[2026-05-17T17:45:57.555Z] sweep m2-optimistic-writes: pending=2 running=1 handed-off=3
[2026-05-17T17:46:07.557Z] sweep m2-optimistic-writes: pending=2 running=1 handed-off=3
[2026-05-17T17:46:17.557Z] sweep m2-optimistic-writes: pending=2 running=1 handed-off=3
[2026-05-17T17:46:27.559Z] sweep m2-optimistic-writes: pending=2 running=1 handed-off=3
[2026-05-17T17:46:37.560Z] sweep m2-optimistic-writes: pending=2 running=1 handed-off=3
[2026-05-17T17:46:47.561Z] sweep m2-optimistic-writes: pending=2 running=1 handed-off=3
[2026-05-17T17:46:54.596Z] sweep m2-optimistic-writes: pending=2 running=1 handed-off=3
[orchestrate] planned checkpoint restart at 3600s; non-terminal tasks remain (pending=2, running=1); re-invoke 'bun cli.ts run /workspace/.orchestrate/m2-optimistic-writes' to resume.
[orchestrate] SLACK_BOT_TOKEN not set; Slack visibility disabled
[2026-05-17T17:48:38.486Z] sweep m2-optimistic-writes: pending=2 running=1 handed-off=3
[2026-05-17T17:48:48.487Z] sweep m2-optimistic-writes: pending=2 running=1 handed-off=3
[2026-05-17T17:48:58.489Z] sweep m2-optimistic-writes: pending=2 running=1 handed-off=3
[2026-05-17T17:49:08.490Z] sweep m2-optimistic-writes: pending=2 running=1 handed-off=3
[2026-05-17T17:49:18.490Z] sweep m2-optimistic-writes: pending=2 running=1 handed-off=3
[2026-05-17T17:49:28.491Z] sweep m2-optimistic-writes: pending=2 running=1 handed-off=3
[2026-05-17T17:49:38.492Z] sweep m2-optimistic-writes: pending=2 running=1 handed-off=3
[2026-05-17T17:49:48.492Z] sweep m2-optimistic-writes: pending=2 running=1 handed-off=3
[2026-05-17T17:49:58.493Z] sweep m2-optimistic-writes: pending=2 running=1 handed-off=3
[2026-05-17T17:50:08.494Z] sweep m2-optimistic-writes: pending=2 running=1 handed-off=3
[2026-05-17T17:50:18.494Z] sweep m2-optimistic-writes: pending=2 running=1 handed-off=3
[2026-05-17T17:50:28.496Z] sweep m2-optimistic-writes: pending=2 running=1 handed-off=3
[2026-05-17T17:50:38.496Z] sweep m2-optimistic-writes: pending=2 running=1 handed-off=3
[2026-05-17T17:50:48.497Z] sweep m2-optimistic-writes: pending=2 running=1 handed-off=3
[2026-05-17T17:50:58.497Z] sweep m2-optimistic-writes: pending=2 running=1 handed-off=3
[2026-05-17T17:51:08.499Z] sweep m2-optimistic-writes: pending=2 running=1 handed-off=3
[2026-05-17T17:51:18.500Z] sweep m2-optimistic-writes: pending=2 running=1 handed-off=3
[2026-05-17T17:51:28.502Z] sweep m2-optimistic-writes: pending=2 running=1 handed-off=3
[2026-05-17T17:51:38.502Z] sweep m2-optimistic-writes: pending=2 running=1 handed-off=3
[2026-05-17T17:51:48.504Z] sweep m2-optimistic-writes: pending=2 running=1 handed-off=3
[2026-05-17T17:51:58.505Z] sweep m2-optimistic-writes: pending=2 running=1 handed-off=3
[2026-05-17T17:52:08.507Z] sweep m2-optimistic-writes: pending=2 running=1 handed-off=3
[2026-05-17T17:52:18.508Z] sweep m2-optimistic-writes: pending=2 running=1 handed-off=3
[2026-05-17T17:52:28.509Z] sweep m2-optimistic-writes: pending=2 running=1 handed-off=3
[2026-05-17T17:52:38.510Z] sweep m2-optimistic-writes: pending=2 running=1 handed-off=3
[2026-05-17T17:52:48.512Z] sweep m2-optimistic-writes: pending=2 running=1 handed-off=3
[2026-05-17T17:52:58.513Z] sweep m2-optimistic-writes: pending=2 running=1 handed-off=3
[2026-05-17T17:53:08.514Z] sweep m2-optimistic-writes: pending=2 running=1 handed-off=3
[2026-05-17T17:53:18.515Z] sweep m2-optimistic-writes: pending=2 running=1 handed-off=3
[2026-05-17T17:53:28.517Z] sweep m2-optimistic-writes: pending=2 running=1 handed-off=3
[2026-05-17T17:53:38.518Z] sweep m2-optimistic-writes: pending=2 running=1 handed-off=3
[2026-05-17T17:53:48.520Z] sweep m2-optimistic-writes: pending=2 running=1 handed-off=3
[2026-05-17T17:53:58.521Z] sweep m2-optimistic-writes: pending=2 running=1 handed-off=3
[2026-05-17T17:54:08.523Z] sweep m2-optimistic-writes: pending=2 running=1 handed-off=3
[2026-05-17T17:54:18.524Z] sweep m2-optimistic-writes: pending=2 running=1 handed-off=3
[2026-05-17T17:54:28.526Z] sweep m2-optimistic-writes: pending=2 running=1 handed-off=3
[2026-05-17T17:54:38.526Z] sweep m2-optimistic-writes: pending=2 running=1 handed-off=3
[2026-05-17T17:54:48.528Z] sweep m2-optimistic-writes: pending=2 running=1 handed-off=3
[2026-05-17T17:54:58.529Z] sweep m2-optimistic-writes: pending=2 running=1 handed-off=3
[2026-05-17T17:55:08.531Z] sweep m2-optimistic-writes: pending=2 running=1 handed-off=3
[2026-05-17T17:55:18.532Z] sweep m2-optimistic-writes: pending=2 running=1 handed-off=3
[2026-05-17T17:55:28.533Z] sweep m2-optimistic-writes: pending=2 running=1 handed-off=3
[2026-05-17T17:55:38.534Z] sweep m2-optimistic-writes: pending=2 running=1 handed-off=3
[2026-05-17T17:55:48.536Z] sweep m2-optimistic-writes: pending=2 running=1 handed-off=3
[2026-05-17T17:55:58.536Z] sweep m2-optimistic-writes: pending=2 running=1 handed-off=3
[2026-05-17T17:56:08.538Z] sweep m2-optimistic-writes: pending=2 running=1 handed-off=3
[2026-05-17T17:56:18.539Z] sweep m2-optimistic-writes: pending=2 running=1 handed-off=3
[2026-05-17T17:56:28.541Z] sweep m2-optimistic-writes: pending=2 running=1 handed-off=3
[2026-05-17T17:56:38.541Z] sweep m2-optimistic-writes: pending=2 running=1 handed-off=3
[2026-05-17T17:56:48.543Z] sweep m2-optimistic-writes: pending=2 running=1 handed-off=3
[2026-05-17T17:56:58.543Z] sweep m2-optimistic-writes: pending=2 running=1 handed-off=3
[2026-05-17T17:57:08.544Z] sweep m2-optimistic-writes: pending=2 running=1 handed-off=3
[2026-05-17T17:57:18.545Z] sweep m2-optimistic-writes: pending=2 running=1 handed-off=3
[2026-05-17T17:57:28.546Z] sweep m2-optimistic-writes: pending=2 running=1 handed-off=3
[2026-05-17T17:57:38.547Z] sweep m2-optimistic-writes: pending=2 running=1 handed-off=3
[2026-05-17T17:57:48.547Z] sweep m2-optimistic-writes: pending=2 running=1 handed-off=3
[2026-05-17T17:57:58.548Z] sweep m2-optimistic-writes: pending=2 running=1 handed-off=3
[2026-05-17T17:58:08.549Z] sweep m2-optimistic-writes: pending=2 running=1 handed-off=3
[2026-05-17T17:58:18.550Z] sweep m2-optimistic-writes: pending=2 running=1 handed-off=3
[2026-05-17T17:58:28.551Z] sweep m2-optimistic-writes: pending=2 running=1 handed-off=3
[2026-05-17T17:58:38.551Z] sweep m2-optimistic-writes: pending=2 running=1 handed-off=3
[2026-05-17T17:58:48.552Z] sweep m2-optimistic-writes: pending=2 running=1 handed-off=3
[2026-05-17T17:58:58.553Z] sweep m2-optimistic-writes: pending=2 running=1 handed-off=3
[2026-05-17T17:59:08.554Z] sweep m2-optimistic-writes: pending=2 running=1 handed-off=3
[2026-05-17T17:59:18.554Z] sweep m2-optimistic-writes: pending=2 running=1 handed-off=3
[2026-05-17T17:59:28.555Z] sweep m2-optimistic-writes: pending=2 running=1 handed-off=3
[2026-05-17T17:59:38.556Z] sweep m2-optimistic-writes: pending=2 running=1 handed-off=3
[2026-05-17T17:59:48.557Z] sweep m2-optimistic-writes: pending=2 running=1 handed-off=3
[2026-05-17T17:59:58.558Z] sweep m2-optimistic-writes: pending=2 running=1 handed-off=3
[2026-05-17T18:00:08.559Z] sweep m2-optimistic-writes: pending=2 running=1 handed-off=3
[2026-05-17T18:00:18.559Z] sweep m2-optimistic-writes: pending=2 running=1 handed-off=3
[2026-05-17T18:00:28.560Z] sweep m2-optimistic-writes: pending=2 running=1 handed-off=3
[2026-05-17T18:00:38.561Z] sweep m2-optimistic-writes: pending=2 running=1 handed-off=3
[2026-05-17T18:00:48.561Z] sweep m2-optimistic-writes: pending=2 running=1 handed-off=3
[2026-05-17T18:00:58.562Z] sweep m2-optimistic-writes: pending=2 running=1 handed-off=3
[2026-05-17T18:01:08.563Z] sweep m2-optimistic-writes: pending=2 running=1 handed-off=3
[2026-05-17T18:01:18.563Z] sweep m2-optimistic-writes: pending=2 running=1 handed-off=3
[2026-05-17T18:01:28.564Z] sweep m2-optimistic-writes: pending=2 running=1 handed-off=3
[2026-05-17T18:01:38.565Z] sweep m2-optimistic-writes: pending=2 running=1 handed-off=3
[2026-05-17T18:01:48.565Z] sweep m2-optimistic-writes: pending=2 running=1 handed-off=3
[2026-05-17T18:01:58.566Z] sweep m2-optimistic-writes: pending=2 running=1 handed-off=3
[2026-05-17T18:02:08.566Z] sweep m2-optimistic-writes: pending=2 running=1 handed-off=3
[2026-05-17T18:02:18.567Z] sweep m2-optimistic-writes: pending=2 running=1 handed-off=3
[2026-05-17T18:02:28.568Z] sweep m2-optimistic-writes: pending=2 running=1 handed-off=3
[2026-05-17T18:02:38.568Z] sweep m2-optimistic-writes: pending=2 running=1 handed-off=3
[2026-05-17T18:02:48.569Z] sweep m2-optimistic-writes: pending=2 running=1 handed-off=3
[2026-05-17T18:02:58.569Z] sweep m2-optimistic-writes: pending=2 running=1 handed-off=3
[2026-05-17T18:03:08.570Z] sweep m2-optimistic-writes: pending=2 running=1 handed-off=3
[2026-05-17T18:03:18.571Z] sweep m2-optimistic-writes: pending=2 running=1 handed-off=3
[2026-05-17T18:03:28.571Z] sweep m2-optimistic-writes: pending=2 running=1 handed-off=3
[2026-05-17T18:03:38.572Z] sweep m2-optimistic-writes: pending=2 running=1 handed-off=3
[2026-05-17T18:03:48.573Z] sweep m2-optimistic-writes: pending=2 running=1 handed-off=3
[2026-05-17T18:03:58.575Z] sweep m2-optimistic-writes: pending=2 running=1 handed-off=3
[2026-05-17T18:04:08.576Z] sweep m2-optimistic-writes: pending=2 running=1 handed-off=3
[2026-05-17T18:04:18.577Z] sweep m2-optimistic-writes: pending=2 running=1 handed-off=3
[2026-05-17T18:04:28.579Z] sweep m2-optimistic-writes: pending=2 running=1 handed-off=3
[2026-05-17T18:04:38.580Z] sweep m2-optimistic-writes: pending=2 running=1 handed-off=3
[2026-05-17T18:04:48.581Z] sweep m2-optimistic-writes: pending=2 running=1 handed-off=3
[2026-05-17T18:04:58.583Z] sweep m2-optimistic-writes: pending=2 running=1 handed-off=3
[2026-05-17T18:05:08.584Z] sweep m2-optimistic-writes: pending=2 running=1 handed-off=3
[2026-05-17T18:05:18.585Z] sweep m2-optimistic-writes: pending=2 running=1 handed-off=3
[2026-05-17T18:05:28.587Z] sweep m2-optimistic-writes: pending=2 running=1 handed-off=3
[2026-05-17T18:05:38.588Z] sweep m2-optimistic-writes: pending=2 running=1 handed-off=3
[2026-05-17T18:05:48.589Z] sweep m2-optimistic-writes: pending=2 running=1 handed-off=3
[2026-05-17T18:05:58.591Z] sweep m2-optimistic-writes: pending=2 running=1 handed-off=3
[2026-05-17T18:06:08.592Z] sweep m2-optimistic-writes: pending=2 running=1 handed-off=3
[2026-05-17T18:06:18.593Z] sweep m2-optimistic-writes: pending=2 running=1 handed-off=3
[2026-05-17T18:06:28.594Z] sweep m2-optimistic-writes: pending=2 running=1 handed-off=3
[2026-05-17T18:06:38.595Z] sweep m2-optimistic-writes: pending=2 running=1 handed-off=3
[2026-05-17T18:06:48.596Z] sweep m2-optimistic-writes: pending=2 running=1 handed-off=3
[2026-05-17T18:06:58.598Z] sweep m2-optimistic-writes: pending=2 running=1 handed-off=3
[2026-05-17T18:07:08.599Z] sweep m2-optimistic-writes: pending=2 running=1 handed-off=3
[2026-05-17T18:07:18.600Z] sweep m2-optimistic-writes: pending=2 running=1 handed-off=3
[2026-05-17T18:07:28.601Z] sweep m2-optimistic-writes: pending=2 running=1 handed-off=3
[2026-05-17T18:07:38.602Z] sweep m2-optimistic-writes: pending=2 running=1 handed-off=3
[2026-05-17T18:07:48.603Z] sweep m2-optimistic-writes: pending=2 running=1 handed-off=3
[2026-05-17T18:07:58.604Z] sweep m2-optimistic-writes: pending=2 running=1 handed-off=3
[2026-05-17T18:08:08.605Z] sweep m2-optimistic-writes: pending=2 running=1 handed-off=3
[2026-05-17T18:08:18.606Z] sweep m2-optimistic-writes: pending=2 running=1 handed-off=3
[2026-05-17T18:08:28.608Z] sweep m2-optimistic-writes: pending=2 running=1 handed-off=3
[2026-05-17T18:08:38.609Z] sweep m2-optimistic-writes: pending=2 running=1 handed-off=3
[2026-05-17T18:08:48.611Z] sweep m2-optimistic-writes: pending=2 running=1 handed-off=3
[2026-05-17T18:08:58.612Z] sweep m2-optimistic-writes: pending=2 running=1 handed-off=3
[2026-05-17T18:09:08.613Z] sweep m2-optimistic-writes: pending=2 running=1 handed-off=3
[2026-05-17T18:09:18.616Z] sweep m2-optimistic-writes: pending=2 running=1 handed-off=3
[2026-05-17T18:09:28.617Z] sweep m2-optimistic-writes: pending=2 running=1 handed-off=3
[2026-05-17T18:09:38.618Z] sweep m2-optimistic-writes: pending=2 running=1 handed-off=3
[2026-05-17T18:09:48.619Z] sweep m2-optimistic-writes: pending=2 running=1 handed-off=3
[2026-05-17T18:09:58.621Z] sweep m2-optimistic-writes: pending=2 running=1 handed-off=3
[2026-05-17T18:10:08.621Z] sweep m2-optimistic-writes: pending=2 running=1 handed-off=3
[2026-05-17T18:10:18.623Z] sweep m2-optimistic-writes: pending=2 running=1 handed-off=3
[2026-05-17T18:10:31.464Z] sweep m2-optimistic-writes: pending=1 running=1 handed-off=4
[2026-05-17T18:10:41.466Z] sweep m2-optimistic-writes: pending=1 running=1 handed-off=4
[2026-05-17T18:10:51.467Z] sweep m2-optimistic-writes: pending=1 running=1 handed-off=4
[2026-05-17T18:11:01.469Z] sweep m2-optimistic-writes: pending=1 running=1 handed-off=4
[2026-05-17T18:11:11.469Z] sweep m2-optimistic-writes: pending=1 running=1 handed-off=4
[2026-05-17T18:11:21.471Z] sweep m2-optimistic-writes: pending=1 running=1 handed-off=4
[2026-05-17T18:11:31.472Z] sweep m2-optimistic-writes: pending=1 running=1 handed-off=4
[2026-05-17T18:11:41.473Z] sweep m2-optimistic-writes: pending=1 running=1 handed-off=4
[2026-05-17T18:11:51.475Z] sweep m2-optimistic-writes: pending=1 running=1 handed-off=4
[2026-05-17T18:12:01.476Z] sweep m2-optimistic-writes: pending=1 running=1 handed-off=4
[2026-05-17T18:12:11.478Z] sweep m2-optimistic-writes: pending=1 running=1 handed-off=4
[2026-05-17T18:12:21.480Z] sweep m2-optimistic-writes: pending=1 running=1 handed-off=4
[2026-05-17T18:12:31.482Z] sweep m2-optimistic-writes: pending=1 running=1 handed-off=4
[2026-05-17T18:12:41.484Z] sweep m2-optimistic-writes: pending=1 running=1 handed-off=4
[2026-05-17T18:12:51.487Z] sweep m2-optimistic-writes: pending=1 running=1 handed-off=4
[2026-05-17T18:13:01.488Z] sweep m2-optimistic-writes: pending=1 running=1 handed-off=4
[2026-05-17T18:13:11.490Z] sweep m2-optimistic-writes: pending=1 running=1 handed-off=4
[2026-05-17T18:13:21.492Z] sweep m2-optimistic-writes: pending=1 running=1 handed-off=4
[2026-05-17T18:13:31.494Z] sweep m2-optimistic-writes: pending=1 running=1 handed-off=4
[2026-05-17T18:13:41.495Z] sweep m2-optimistic-writes: pending=1 running=1 handed-off=4
[2026-05-17T18:13:51.497Z] sweep m2-optimistic-writes: pending=1 running=1 handed-off=4
[2026-05-17T18:14:01.500Z] sweep m2-optimistic-writes: pending=1 running=1 handed-off=4
[2026-05-17T18:14:11.501Z] sweep m2-optimistic-writes: pending=1 running=1 handed-off=4
[2026-05-17T18:14:21.503Z] sweep m2-optimistic-writes: pending=1 running=1 handed-off=4
[2026-05-17T18:14:31.505Z] sweep m2-optimistic-writes: pending=1 running=1 handed-off=4
[2026-05-17T18:14:41.507Z] sweep m2-optimistic-writes: pending=1 running=1 handed-off=4
[2026-05-17T18:14:51.508Z] sweep m2-optimistic-writes: pending=1 running=1 handed-off=4
[2026-05-17T18:15:01.510Z] sweep m2-optimistic-writes: pending=1 running=1 handed-off=4
[2026-05-17T18:15:11.512Z] sweep m2-optimistic-writes: pending=1 running=1 handed-off=4
[2026-05-17T18:15:21.514Z] sweep m2-optimistic-writes: pending=1 running=1 handed-off=4
[2026-05-17T18:15:31.516Z] sweep m2-optimistic-writes: pending=1 running=1 handed-off=4
[2026-05-17T18:15:41.519Z] sweep m2-optimistic-writes: pending=1 running=1 handed-off=4
[2026-05-17T18:15:51.521Z] sweep m2-optimistic-writes: pending=1 running=1 handed-off=4
[2026-05-17T18:16:01.522Z] sweep m2-optimistic-writes: pending=1 running=1 handed-off=4
[2026-05-17T18:16:11.523Z] sweep m2-optimistic-writes: pending=1 running=1 handed-off=4
[2026-05-17T18:16:21.524Z] sweep m2-optimistic-writes: pending=1 running=1 handed-off=4
[2026-05-17T18:16:31.525Z] sweep m2-optimistic-writes: pending=1 running=1 handed-off=4
[2026-05-17T18:16:41.526Z] sweep m2-optimistic-writes: pending=1 running=1 handed-off=4
[2026-05-17T18:16:51.527Z] sweep m2-optimistic-writes: pending=1 running=1 handed-off=4
[2026-05-17T18:17:01.528Z] sweep m2-optimistic-writes: pending=1 running=1 handed-off=4
[2026-05-17T18:17:11.529Z] sweep m2-optimistic-writes: pending=1 running=1 handed-off=4
[2026-05-17T18:17:21.530Z] sweep m2-optimistic-writes: pending=1 running=1 handed-off=4
[2026-05-17T18:17:31.531Z] sweep m2-optimistic-writes: pending=1 running=1 handed-off=4
[2026-05-17T18:17:41.532Z] sweep m2-optimistic-writes: pending=1 running=1 handed-off=4
[2026-05-17T18:17:51.533Z] sweep m2-optimistic-writes: pending=1 running=1 handed-off=4
[2026-05-17T18:18:01.534Z] sweep m2-optimistic-writes: pending=1 running=1 handed-off=4
[2026-05-17T18:18:11.535Z] sweep m2-optimistic-writes: pending=1 running=1 handed-off=4
[2026-05-17T18:18:21.535Z] sweep m2-optimistic-writes: pending=1 running=1 handed-off=4
[2026-05-17T18:18:31.536Z] sweep m2-optimistic-writes: pending=1 running=1 handed-off=4
[2026-05-17T18:18:41.537Z] sweep m2-optimistic-writes: pending=1 running=1 handed-off=4
[2026-05-17T18:18:51.538Z] sweep m2-optimistic-writes: pending=1 running=1 handed-off=4
[2026-05-17T18:19:01.539Z] sweep m2-optimistic-writes: pending=1 running=1 handed-off=4
[2026-05-17T18:19:11.539Z] sweep m2-optimistic-writes: pending=1 running=1 handed-off=4
[2026-05-17T18:19:21.540Z] sweep m2-optimistic-writes: pending=1 running=1 handed-off=4
[2026-05-17T18:19:31.541Z] sweep m2-optimistic-writes: pending=1 running=1 handed-off=4
[2026-05-17T18:19:41.542Z] sweep m2-optimistic-writes: pending=1 running=1 handed-off=4
[2026-05-17T18:19:51.543Z] sweep m2-optimistic-writes: pending=1 running=1 handed-off=4
[2026-05-17T18:20:01.543Z] sweep m2-optimistic-writes: pending=1 running=1 handed-off=4
[2026-05-17T18:20:11.544Z] sweep m2-optimistic-writes: pending=1 running=1 handed-off=4
[2026-05-17T18:20:21.545Z] sweep m2-optimistic-writes: pending=1 running=1 handed-off=4
[2026-05-17T18:20:31.545Z] sweep m2-optimistic-writes: pending=1 running=1 handed-off=4
[2026-05-17T18:20:41.547Z] sweep m2-optimistic-writes: pending=1 running=1 handed-off=4
[2026-05-17T18:20:51.548Z] sweep m2-optimistic-writes: pending=1 running=1 handed-off=4
[2026-05-17T18:21:01.548Z] sweep m2-optimistic-writes: pending=1 running=1 handed-off=4
[2026-05-17T18:21:11.549Z] sweep m2-optimistic-writes: pending=1 running=1 handed-off=4
[2026-05-17T18:21:21.549Z] sweep m2-optimistic-writes: pending=1 running=1 handed-off=4
[2026-05-17T18:21:31.550Z] sweep m2-optimistic-writes: pending=1 running=1 handed-off=4
[2026-05-17T18:21:41.551Z] sweep m2-optimistic-writes: pending=1 running=1 handed-off=4
[2026-05-17T18:21:51.552Z] sweep m2-optimistic-writes: pending=1 running=1 handed-off=4
[2026-05-17T18:22:01.552Z] sweep m2-optimistic-writes: pending=1 running=1 handed-off=4
[2026-05-17T18:22:11.553Z] sweep m2-optimistic-writes: pending=1 running=1 handed-off=4
[2026-05-17T18:22:21.553Z] sweep m2-optimistic-writes: pending=1 running=1 handed-off=4
[2026-05-17T18:22:31.554Z] sweep m2-optimistic-writes: pending=1 running=1 handed-off=4
[2026-05-17T18:22:41.556Z] sweep m2-optimistic-writes: pending=1 running=1 handed-off=4
[2026-05-17T18:22:51.557Z] sweep m2-optimistic-writes: pending=1 running=1 handed-off=4
[2026-05-17T18:23:01.559Z] sweep m2-optimistic-writes: pending=1 running=1 handed-off=4
[2026-05-17T18:23:11.561Z] sweep m2-optimistic-writes: pending=1 running=1 handed-off=4
[2026-05-17T18:23:21.563Z] sweep m2-optimistic-writes: pending=1 running=1 handed-off=4
[2026-05-17T18:23:31.566Z] sweep m2-optimistic-writes: pending=1 running=1 handed-off=4
[2026-05-17T18:23:41.568Z] sweep m2-optimistic-writes: pending=1 running=1 handed-off=4
[2026-05-17T18:23:51.569Z] sweep m2-optimistic-writes: pending=1 running=1 handed-off=4
[2026-05-17T18:24:01.571Z] sweep m2-optimistic-writes: pending=1 running=1 handed-off=4
[2026-05-17T18:24:11.573Z] sweep m2-optimistic-writes: pending=1 running=1 handed-off=4
[2026-05-17T18:24:21.576Z] sweep m2-optimistic-writes: pending=1 running=1 handed-off=4
[2026-05-17T18:24:31.577Z] sweep m2-optimistic-writes: pending=1 running=1 handed-off=4
[2026-05-17T18:24:41.579Z] sweep m2-optimistic-writes: pending=1 running=1 handed-off=4
[2026-05-17T18:24:51.581Z] sweep m2-optimistic-writes: pending=1 running=1 handed-off=4
[2026-05-17T18:25:01.581Z] sweep m2-optimistic-writes: pending=1 running=1 handed-off=4
[2026-05-17T18:25:11.583Z] sweep m2-optimistic-writes: pending=1 running=1 handed-off=4
[2026-05-17T18:25:21.585Z] sweep m2-optimistic-writes: pending=1 running=1 handed-off=4
[2026-05-17T18:25:31.587Z] sweep m2-optimistic-writes: pending=1 running=1 handed-off=4
[2026-05-17T18:25:41.588Z] sweep m2-optimistic-writes: pending=1 running=1 handed-off=4
[2026-05-17T18:25:51.590Z] sweep m2-optimistic-writes: pending=1 running=1 handed-off=4
[2026-05-17T18:26:01.590Z] sweep m2-optimistic-writes: pending=1 running=1 handed-off=4
[2026-05-17T18:26:11.591Z] sweep m2-optimistic-writes: pending=1 running=1 handed-off=4
[2026-05-17T18:26:21.593Z] sweep m2-optimistic-writes: pending=1 running=1 handed-off=4
[2026-05-17T18:26:31.594Z] sweep m2-optimistic-writes: pending=1 running=1 handed-off=4
[2026-05-17T18:26:41.596Z] sweep m2-optimistic-writes: pending=1 running=1 handed-off=4
[2026-05-17T18:26:51.598Z] sweep m2-optimistic-writes: pending=1 running=1 handed-off=4
[2026-05-17T18:27:01.600Z] sweep m2-optimistic-writes: pending=1 running=1 handed-off=4
[2026-05-17T18:27:11.601Z] sweep m2-optimistic-writes: pending=1 running=1 handed-off=4
[2026-05-17T18:27:21.603Z] sweep m2-optimistic-writes: pending=1 running=1 handed-off=4
[2026-05-17T18:27:31.605Z] sweep m2-optimistic-writes: pending=1 running=1 handed-off=4
[2026-05-17T18:27:41.606Z] sweep m2-optimistic-writes: pending=1 running=1 handed-off=4
[2026-05-17T18:27:51.608Z] sweep m2-optimistic-writes: pending=1 running=1 handed-off=4
[2026-05-17T18:28:01.609Z] sweep m2-optimistic-writes: pending=1 running=1 handed-off=4
[2026-05-17T18:28:11.611Z] sweep m2-optimistic-writes: pending=1 running=1 handed-off=4
[2026-05-17T18:28:21.613Z] sweep m2-optimistic-writes: pending=1 running=1 handed-off=4
[2026-05-17T18:28:31.614Z] sweep m2-optimistic-writes: pending=1 running=1 handed-off=4
[2026-05-17T18:28:41.615Z] sweep m2-optimistic-writes: pending=1 running=1 handed-off=4
[2026-05-17T18:28:51.618Z] sweep m2-optimistic-writes: pending=1 running=1 handed-off=4
[2026-05-17T18:29:01.619Z] sweep m2-optimistic-writes: pending=1 running=1 handed-off=4
[2026-05-17T18:29:11.621Z] sweep m2-optimistic-writes: pending=1 running=1 handed-off=4
[2026-05-17T18:29:21.623Z] sweep m2-optimistic-writes: pending=1 running=1 handed-off=4
[2026-05-17T18:29:31.624Z] sweep m2-optimistic-writes: pending=1 running=1 handed-off=4
[2026-05-17T18:29:41.625Z] sweep m2-optimistic-writes: pending=1 running=1 handed-off=4
[2026-05-17T18:29:51.626Z] sweep m2-optimistic-writes: pending=1 running=1 handed-off=4
[2026-05-17T18:30:01.627Z] sweep m2-optimistic-writes: pending=1 running=1 handed-off=4
[2026-05-17T18:30:11.628Z] sweep m2-optimistic-writes: pending=1 running=1 handed-off=4
[2026-05-17T18:30:21.630Z] sweep m2-optimistic-writes: pending=1 running=1 handed-off=4
[2026-05-17T18:30:31.631Z] sweep m2-optimistic-writes: pending=1 running=1 handed-off=4
[2026-05-17T18:30:41.632Z] sweep m2-optimistic-writes: pending=1 running=1 handed-off=4
[2026-05-17T18:30:51.634Z] sweep m2-optimistic-writes: pending=1 running=1 handed-off=4
[2026-05-17T18:31:01.635Z] sweep m2-optimistic-writes: pending=1 running=1 handed-off=4
[2026-05-17T18:31:11.637Z] sweep m2-optimistic-writes: pending=1 running=1 handed-off=4
[2026-05-17T18:31:21.638Z] sweep m2-optimistic-writes: pending=1 running=1 handed-off=4
[2026-05-17T18:31:31.640Z] sweep m2-optimistic-writes: pending=1 running=1 handed-off=4
[2026-05-17T18:31:41.641Z] sweep m2-optimistic-writes: pending=1 running=1 handed-off=4
[2026-05-17T18:31:51.643Z] sweep m2-optimistic-writes: pending=1 running=1 handed-off=4
[2026-05-17T18:32:01.644Z] sweep m2-optimistic-writes: pending=1 running=1 handed-off=4
[2026-05-17T18:32:11.645Z] sweep m2-optimistic-writes: pending=1 running=1 handed-off=4
[2026-05-17T18:32:21.647Z] sweep m2-optimistic-writes: pending=1 running=1 handed-off=4
[2026-05-17T18:32:31.648Z] sweep m2-optimistic-writes: pending=1 running=1 handed-off=4
[2026-05-17T18:32:41.649Z] sweep m2-optimistic-writes: pending=1 running=1 handed-off=4
[2026-05-17T18:32:51.651Z] sweep m2-optimistic-writes: pending=1 running=1 handed-off=4
[2026-05-17T18:33:01.652Z] sweep m2-optimistic-writes: pending=1 running=1 handed-off=4
[2026-05-17T18:33:11.653Z] sweep m2-optimistic-writes: pending=1 running=1 handed-off=4
[2026-05-17T18:33:21.655Z] sweep m2-optimistic-writes: pending=1 running=1 handed-off=4
[2026-05-17T18:33:31.656Z] sweep m2-optimistic-writes: pending=1 running=1 handed-off=4
[2026-05-17T18:33:41.658Z] sweep m2-optimistic-writes: pending=1 running=1 handed-off=4
[2026-05-17T18:33:51.660Z] sweep m2-optimistic-writes: pending=1 running=1 handed-off=4
[2026-05-17T18:34:01.661Z] sweep m2-optimistic-writes: pending=1 running=1 handed-off=4
[2026-05-17T18:34:11.663Z] sweep m2-optimistic-writes: pending=1 running=1 handed-off=4
[2026-05-17T18:34:21.665Z] sweep m2-optimistic-writes: pending=1 running=1 handed-off=4
[2026-05-17T18:34:31.666Z] sweep m2-optimistic-writes: pending=1 running=1 handed-off=4
[2026-05-17T18:34:41.672Z] sweep m2-optimistic-writes: pending=1 running=1 handed-off=4
[2026-05-17T18:34:51.673Z] sweep m2-optimistic-writes: pending=1 running=1 handed-off=4
[2026-05-17T18:35:01.675Z] sweep m2-optimistic-writes: pending=1 running=1 handed-off=4
[2026-05-17T18:35:11.676Z] sweep m2-optimistic-writes: pending=1 running=1 handed-off=4
[2026-05-17T18:35:21.678Z] sweep m2-optimistic-writes: pending=1 running=1 handed-off=4
[2026-05-17T18:35:31.680Z] sweep m2-optimistic-writes: pending=1 running=1 handed-off=4
[2026-05-17T18:35:41.681Z] sweep m2-optimistic-writes: pending=1 running=1 handed-off=4
[2026-05-17T18:35:51.683Z] sweep m2-optimistic-writes: pending=1 running=1 handed-off=4
[2026-05-17T18:36:01.685Z] sweep m2-optimistic-writes: pending=1 running=1 handed-off=4
[2026-05-17T18:36:11.685Z] sweep m2-optimistic-writes: pending=1 running=1 handed-off=4
[2026-05-17T18:36:21.687Z] sweep m2-optimistic-writes: pending=1 running=1 handed-off=4
[2026-05-17T18:36:31.689Z] sweep m2-optimistic-writes: pending=1 running=1 handed-off=4
[2026-05-17T18:36:41.691Z] sweep m2-optimistic-writes: pending=1 running=1 handed-off=4
[2026-05-17T18:36:51.692Z] sweep m2-optimistic-writes: pending=1 running=1 handed-off=4
[2026-05-17T18:37:01.694Z] sweep m2-optimistic-writes: pending=1 running=1 handed-off=4
[2026-05-17T18:37:11.695Z] sweep m2-optimistic-writes: pending=1 running=1 handed-off=4
[2026-05-17T18:37:21.696Z] sweep m2-optimistic-writes: pending=1 running=1 handed-off=4
[2026-05-17T18:37:31.699Z] sweep m2-optimistic-writes: pending=1 running=1 handed-off=4
[2026-05-17T18:37:41.702Z] sweep m2-optimistic-writes: pending=1 running=1 handed-off=4
[2026-05-17T18:37:51.704Z] sweep m2-optimistic-writes: pending=1 running=1 handed-off=4
[2026-05-17T18:38:01.706Z] sweep m2-optimistic-writes: pending=1 running=1 handed-off=4
[2026-05-17T18:38:11.708Z] sweep m2-optimistic-writes: pending=1 running=1 handed-off=4
[2026-05-17T18:38:21.710Z] sweep m2-optimistic-writes: pending=1 running=1 handed-off=4
[2026-05-17T18:38:31.712Z] sweep m2-optimistic-writes: pending=1 running=1 handed-off=4
[2026-05-17T18:38:41.713Z] sweep m2-optimistic-writes: pending=1 running=1 handed-off=4
[2026-05-17T18:38:51.714Z] sweep m2-optimistic-writes: pending=1 running=1 handed-off=4
[2026-05-17T18:39:01.715Z] sweep m2-optimistic-writes: pending=1 running=1 handed-off=4
[2026-05-17T18:39:11.717Z] sweep m2-optimistic-writes: pending=1 running=1 handed-off=4
[2026-05-17T18:39:21.720Z] sweep m2-optimistic-writes: pending=1 running=1 handed-off=4
[2026-05-17T18:39:31.723Z] sweep m2-optimistic-writes: pending=1 running=1 handed-off=4
[2026-05-17T18:39:41.724Z] sweep m2-optimistic-writes: pending=1 running=1 handed-off=4
[2026-05-17T18:39:51.725Z] sweep m2-optimistic-writes: pending=1 running=1 handed-off=4
[2026-05-17T18:40:01.726Z] sweep m2-optimistic-writes: pending=1 running=1 handed-off=4
[2026-05-17T18:40:11.729Z] sweep m2-optimistic-writes: pending=1 running=1 handed-off=4
[2026-05-17T18:40:21.730Z] sweep m2-optimistic-writes: pending=1 running=1 handed-off=4
[2026-05-17T18:40:31.731Z] sweep m2-optimistic-writes: pending=1 running=1 handed-off=4
[2026-05-17T18:40:41.732Z] sweep m2-optimistic-writes: pending=1 running=1 handed-off=4
[2026-05-17T18:40:51.734Z] sweep m2-optimistic-writes: pending=1 running=1 handed-off=4
[2026-05-17T18:41:01.736Z] sweep m2-optimistic-writes: pending=1 running=1 handed-off=4
[2026-05-17T18:41:11.738Z] sweep m2-optimistic-writes: pending=1 running=1 handed-off=4
[2026-05-17T18:41:21.739Z] sweep m2-optimistic-writes: pending=1 running=1 handed-off=4
[2026-05-17T18:41:31.741Z] sweep m2-optimistic-writes: pending=1 running=1 handed-off=4
[2026-05-17T18:41:41.743Z] sweep m2-optimistic-writes: pending=1 running=1 handed-off=4
[2026-05-17T18:41:51.744Z] sweep m2-optimistic-writes: pending=1 running=1 handed-off=4
[2026-05-17T18:42:01.746Z] sweep m2-optimistic-writes: pending=1 running=1 handed-off=4
[2026-05-17T18:42:11.747Z] sweep m2-optimistic-writes: pending=1 running=1 handed-off=4
[2026-05-17T18:42:21.748Z] sweep m2-optimistic-writes: pending=1 running=1 handed-off=4
[2026-05-17T18:42:31.751Z] sweep m2-optimistic-writes: pending=1 running=1 handed-off=4
[2026-05-17T18:42:41.754Z] sweep m2-optimistic-writes: pending=1 running=1 handed-off=4
[2026-05-17T18:42:51.756Z] sweep m2-optimistic-writes: pending=1 running=1 handed-off=4
[2026-05-17T18:43:01.757Z] sweep m2-optimistic-writes: pending=1 running=1 handed-off=4
[2026-05-17T18:43:11.760Z] sweep m2-optimistic-writes: pending=1 running=1 handed-off=4
[2026-05-17T18:43:21.761Z] sweep m2-optimistic-writes: pending=1 running=1 handed-off=4
[2026-05-17T18:43:31.763Z] sweep m2-optimistic-writes: pending=1 running=1 handed-off=4
[2026-05-17T18:43:41.765Z] sweep m2-optimistic-writes: pending=1 running=1 handed-off=4
[2026-05-17T18:43:51.768Z] sweep m2-optimistic-writes: pending=1 running=1 handed-off=4
[2026-05-17T18:44:01.769Z] sweep m2-optimistic-writes: pending=1 running=1 handed-off=4
[2026-05-17T18:44:11.770Z] sweep m2-optimistic-writes: pending=1 running=1 handed-off=4
[2026-05-17T18:44:21.773Z] sweep m2-optimistic-writes: pending=1 running=1 handed-off=4
[2026-05-17T18:44:31.775Z] sweep m2-optimistic-writes: pending=1 running=1 handed-off=4
[2026-05-17T18:44:41.776Z] sweep m2-optimistic-writes: pending=1 running=1 handed-off=4
[2026-05-17T18:44:51.778Z] sweep m2-optimistic-writes: pending=1 running=1 handed-off=4
[2026-05-17T18:45:01.782Z] sweep m2-optimistic-writes: pending=1 running=1 handed-off=4
[2026-05-17T18:45:11.783Z] sweep m2-optimistic-writes: pending=1 running=1 handed-off=4
[2026-05-17T18:45:21.787Z] sweep m2-optimistic-writes: pending=1 running=1 handed-off=4
[2026-05-17T18:45:31.790Z] sweep m2-optimistic-writes: pending=1 running=1 handed-off=4
[2026-05-17T18:45:41.791Z] sweep m2-optimistic-writes: pending=1 running=1 handed-off=4
[2026-05-17T18:45:51.793Z] sweep m2-optimistic-writes: pending=1 running=1 handed-off=4
[2026-05-17T18:46:01.795Z] sweep m2-optimistic-writes: pending=1 running=1 handed-off=4
[2026-05-17T18:46:11.796Z] sweep m2-optimistic-writes: pending=1 running=1 handed-off=4
[2026-05-17T18:46:21.797Z] sweep m2-optimistic-writes: pending=1 running=1 handed-off=4
[2026-05-17T18:46:31.799Z] sweep m2-optimistic-writes: pending=1 running=1 handed-off=4
[2026-05-17T18:46:41.800Z] sweep m2-optimistic-writes: pending=1 running=1 handed-off=4
[2026-05-17T18:46:51.802Z] sweep m2-optimistic-writes: pending=1 running=1 handed-off=4
[2026-05-17T18:47:01.805Z] sweep m2-optimistic-writes: pending=1 running=1 handed-off=4
[2026-05-17T18:47:11.807Z] sweep m2-optimistic-writes: pending=1 running=1 handed-off=4
[2026-05-17T18:47:21.809Z] sweep m2-optimistic-writes: pending=1 running=1 handed-off=4
[2026-05-17T18:47:31.811Z] sweep m2-optimistic-writes: pending=1 running=1 handed-off=4
[2026-05-17T18:47:41.813Z] sweep m2-optimistic-writes: pending=1 running=1 handed-off=4
[2026-05-17T18:47:51.814Z] sweep m2-optimistic-writes: pending=1 running=1 handed-off=4
[2026-05-17T18:48:01.815Z] sweep m2-optimistic-writes: pending=1 running=1 handed-off=4
[2026-05-17T18:48:11.815Z] sweep m2-optimistic-writes: pending=1 running=1 handed-off=4
[2026-05-17T18:48:21.816Z] sweep m2-optimistic-writes: pending=1 running=1 handed-off=4
[2026-05-17T18:48:31.818Z] sweep m2-optimistic-writes: pending=1 running=1 handed-off=4
[2026-05-17T18:48:38.292Z] sweep m2-optimistic-writes: pending=1 running=1 handed-off=4
[orchestrate] planned checkpoint restart at 3600s; non-terminal tasks remain (pending=1, running=1); re-invoke 'bun cli.ts run /workspace/.orchestrate/m2-optimistic-writes' to resume.
[orchestrate] SLACK_BOT_TOKEN not set; Slack visibility disabled
[2026-05-17T18:50:39.520Z] sweep m2-optimistic-writes: pending=1 running=1 handed-off=4
[2026-05-17T18:50:52.062Z] sweep m2-optimistic-writes: running=1 handed-off=5
[2026-05-17T18:51:02.066Z] sweep m2-optimistic-writes: running=1 handed-off=5
[2026-05-17T18:51:12.068Z] sweep m2-optimistic-writes: running=1 handed-off=5
[2026-05-17T18:51:22.069Z] sweep m2-optimistic-writes: running=1 handed-off=5
[2026-05-17T18:51:32.072Z] sweep m2-optimistic-writes: running=1 handed-off=5
[2026-05-17T18:51:42.073Z] sweep m2-optimistic-writes: running=1 handed-off=5
[2026-05-17T18:51:52.074Z] sweep m2-optimistic-writes: running=1 handed-off=5
[2026-05-17T18:52:02.074Z] sweep m2-optimistic-writes: running=1 handed-off=5
[2026-05-17T18:52:12.076Z] sweep m2-optimistic-writes: running=1 handed-off=5
[2026-05-17T18:52:22.078Z] sweep m2-optimistic-writes: running=1 handed-off=5
[2026-05-17T18:52:32.080Z] sweep m2-optimistic-writes: running=1 handed-off=5
[2026-05-17T18:52:42.082Z] sweep m2-optimistic-writes: running=1 handed-off=5
[2026-05-17T18:52:52.084Z] sweep m2-optimistic-writes: running=1 handed-off=5
[2026-05-17T18:53:02.085Z] sweep m2-optimistic-writes: running=1 handed-off=5
[2026-05-17T18:53:12.087Z] sweep m2-optimistic-writes: running=1 handed-off=5
[2026-05-17T18:53:22.089Z] sweep m2-optimistic-writes: running=1 handed-off=5
[2026-05-17T18:53:32.090Z] sweep m2-optimistic-writes: running=1 handed-off=5
[2026-05-17T18:53:42.090Z] sweep m2-optimistic-writes: running=1 handed-off=5
[2026-05-17T18:53:52.092Z] sweep m2-optimistic-writes: running=1 handed-off=5
[2026-05-17T18:54:02.093Z] sweep m2-optimistic-writes: running=1 handed-off=5
[2026-05-17T18:54:12.095Z] sweep m2-optimistic-writes: running=1 handed-off=5
[2026-05-17T18:54:22.096Z] sweep m2-optimistic-writes: running=1 handed-off=5
[2026-05-17T18:54:32.098Z] sweep m2-optimistic-writes: running=1 handed-off=5
[2026-05-17T18:54:42.100Z] sweep m2-optimistic-writes: running=1 handed-off=5
[2026-05-17T18:54:52.101Z] sweep m2-optimistic-writes: running=1 handed-off=5
[2026-05-17T18:55:02.103Z] sweep m2-optimistic-writes: running=1 handed-off=5
[2026-05-17T18:55:12.105Z] sweep m2-optimistic-writes: running=1 handed-off=5
[2026-05-17T18:55:22.107Z] sweep m2-optimistic-writes: running=1 handed-off=5
[2026-05-17T18:55:32.109Z] sweep m2-optimistic-writes: running=1 handed-off=5
[2026-05-17T18:55:42.111Z] sweep m2-optimistic-writes: running=1 handed-off=5
[2026-05-17T18:55:52.113Z] sweep m2-optimistic-writes: running=1 handed-off=5
[2026-05-17T18:56:02.114Z] sweep m2-optimistic-writes: running=1 handed-off=5
[2026-05-17T18:56:12.117Z] sweep m2-optimistic-writes: running=1 handed-off=5
[2026-05-17T18:56:22.118Z] sweep m2-optimistic-writes: running=1 handed-off=5
[2026-05-17T18:56:32.118Z] sweep m2-optimistic-writes: running=1 handed-off=5
[2026-05-17T18:56:42.120Z] sweep m2-optimistic-writes: running=1 handed-off=5
[2026-05-17T18:56:52.121Z] sweep m2-optimistic-writes: running=1 handed-off=5
[2026-05-17T18:57:02.123Z] sweep m2-optimistic-writes: running=1 handed-off=5
[2026-05-17T18:57:12.125Z] sweep m2-optimistic-writes: running=1 handed-off=5
[2026-05-17T18:57:22.127Z] sweep m2-optimistic-writes: running=1 handed-off=5
[2026-05-17T18:57:32.130Z] sweep m2-optimistic-writes: running=1 handed-off=5
[2026-05-17T18:57:42.132Z] sweep m2-optimistic-writes: running=1 handed-off=5
[2026-05-17T18:57:52.134Z] sweep m2-optimistic-writes: running=1 handed-off=5
[2026-05-17T18:58:02.136Z] sweep m2-optimistic-writes: running=1 handed-off=5
[2026-05-17T18:58:12.138Z] sweep m2-optimistic-writes: running=1 handed-off=5
[2026-05-17T18:58:22.141Z] sweep m2-optimistic-writes: running=1 handed-off=5
[2026-05-17T18:58:32.143Z] sweep m2-optimistic-writes: running=1 handed-off=5
[2026-05-17T18:58:42.145Z] sweep m2-optimistic-writes: running=1 handed-off=5
[2026-05-17T18:58:52.146Z] sweep m2-optimistic-writes: running=1 handed-off=5
[2026-05-17T18:59:02.148Z] sweep m2-optimistic-writes: running=1 handed-off=5
[2026-05-17T18:59:12.148Z] sweep m2-optimistic-writes: running=1 handed-off=5
[2026-05-17T18:59:22.149Z] sweep m2-optimistic-writes: running=1 handed-off=5
[2026-05-17T18:59:32.150Z] sweep m2-optimistic-writes: running=1 handed-off=5
[2026-05-17T18:59:42.151Z] sweep m2-optimistic-writes: running=1 handed-off=5
[2026-05-17T18:59:52.151Z] sweep m2-optimistic-writes: running=1 handed-off=5
[2026-05-17T19:00:02.152Z] sweep m2-optimistic-writes: running=1 handed-off=5
[2026-05-17T19:00:12.153Z] sweep m2-optimistic-writes: running=1 handed-off=5
[2026-05-17T19:00:22.154Z] sweep m2-optimistic-writes: running=1 handed-off=5
[2026-05-17T19:00:32.154Z] sweep m2-optimistic-writes: running=1 handed-off=5
[2026-05-17T19:00:42.155Z] sweep m2-optimistic-writes: running=1 handed-off=5
[2026-05-17T19:00:52.156Z] sweep m2-optimistic-writes: running=1 handed-off=5
[2026-05-17T19:01:02.157Z] sweep m2-optimistic-writes: running=1 handed-off=5
[2026-05-17T19:01:12.158Z] sweep m2-optimistic-writes: running=1 handed-off=5
[2026-05-17T19:01:22.159Z] sweep m2-optimistic-writes: running=1 handed-off=5
[2026-05-17T19:01:32.160Z] sweep m2-optimistic-writes: running=1 handed-off=5
[2026-05-17T19:01:42.160Z] sweep m2-optimistic-writes: running=1 handed-off=5
[2026-05-17T19:01:52.161Z] sweep m2-optimistic-writes: running=1 handed-off=5
[2026-05-17T19:02:02.162Z] sweep m2-optimistic-writes: running=1 handed-off=5
[2026-05-17T19:02:12.162Z] sweep m2-optimistic-writes: running=1 handed-off=5
[2026-05-17T19:02:22.163Z] sweep m2-optimistic-writes: running=1 handed-off=5
[2026-05-17T19:02:32.163Z] sweep m2-optimistic-writes: running=1 handed-off=5
[2026-05-17T19:02:42.164Z] sweep m2-optimistic-writes: running=1 handed-off=5
[2026-05-17T19:02:52.165Z] sweep m2-optimistic-writes: running=1 handed-off=5
[2026-05-17T19:03:02.166Z] sweep m2-optimistic-writes: running=1 handed-off=5
[2026-05-17T19:03:12.167Z] sweep m2-optimistic-writes: running=1 handed-off=5
[2026-05-17T19:03:22.167Z] sweep m2-optimistic-writes: running=1 handed-off=5
[2026-05-17T19:03:32.168Z] sweep m2-optimistic-writes: running=1 handed-off=5
[2026-05-17T19:03:42.170Z] sweep m2-optimistic-writes: running=1 handed-off=5
[2026-05-17T19:03:52.172Z] sweep m2-optimistic-writes: running=1 handed-off=5
[2026-05-17T19:04:02.173Z] sweep m2-optimistic-writes: running=1 handed-off=5
[2026-05-17T19:04:12.175Z] sweep m2-optimistic-writes: running=1 handed-off=5
[2026-05-17T19:04:22.177Z] sweep m2-optimistic-writes: running=1 handed-off=5
[2026-05-17T19:04:32.179Z] sweep m2-optimistic-writes: running=1 handed-off=5
[2026-05-17T19:04:42.181Z] sweep m2-optimistic-writes: running=1 handed-off=5
[2026-05-17T19:04:52.183Z] sweep m2-optimistic-writes: running=1 handed-off=5
[2026-05-17T19:05:02.184Z] sweep m2-optimistic-writes: running=1 handed-off=5
[2026-05-17T19:05:12.186Z] sweep m2-optimistic-writes: running=1 handed-off=5
[2026-05-17T19:05:22.188Z] sweep m2-optimistic-writes: running=1 handed-off=5
[2026-05-17T19:05:32.190Z] sweep m2-optimistic-writes: running=1 handed-off=5
[2026-05-17T19:05:42.192Z] sweep m2-optimistic-writes: running=1 handed-off=5
[2026-05-17T19:05:52.194Z] sweep m2-optimistic-writes: running=1 handed-off=5
[2026-05-17T19:06:02.195Z] sweep m2-optimistic-writes: running=1 handed-off=5
[2026-05-17T19:06:12.198Z] sweep m2-optimistic-writes: running=1 handed-off=5
[2026-05-17T19:06:22.198Z] sweep m2-optimistic-writes: running=1 handed-off=5
[2026-05-17T19:06:32.199Z] sweep m2-optimistic-writes: running=1 handed-off=5
[2026-05-17T19:06:42.201Z] sweep m2-optimistic-writes: running=1 handed-off=5
[2026-05-17T19:06:52.202Z] sweep m2-optimistic-writes: running=1 handed-off=5
[2026-05-17T19:07:02.208Z] sweep m2-optimistic-writes: running=1 handed-off=5
[2026-05-17T19:07:12.210Z] sweep m2-optimistic-writes: running=1 handed-off=5
[2026-05-17T19:07:22.211Z] sweep m2-optimistic-writes: running=1 handed-off=5
[2026-05-17T19:07:32.212Z] sweep m2-optimistic-writes: running=1 handed-off=5
[2026-05-17T19:07:42.213Z] sweep m2-optimistic-writes: running=1 handed-off=5
[2026-05-17T19:07:52.215Z] sweep m2-optimistic-writes: running=1 handed-off=5
[2026-05-17T19:08:02.217Z] sweep m2-optimistic-writes: running=1 handed-off=5
[2026-05-17T19:08:12.219Z] sweep m2-optimistic-writes: running=1 handed-off=5
[2026-05-17T19:08:22.219Z] sweep m2-optimistic-writes: running=1 handed-off=5
[2026-05-17T19:08:32.220Z] sweep m2-optimistic-writes: running=1 handed-off=5
[2026-05-17T19:08:42.221Z] sweep m2-optimistic-writes: running=1 handed-off=5
[2026-05-17T19:08:52.222Z] sweep m2-optimistic-writes: running=1 handed-off=5
[2026-05-17T19:09:02.223Z] sweep m2-optimistic-writes: running=1 handed-off=5
[2026-05-17T19:09:12.225Z] sweep m2-optimistic-writes: running=1 handed-off=5
[2026-05-17T19:09:22.226Z] sweep m2-optimistic-writes: running=1 handed-off=5
[2026-05-17T19:09:32.226Z] sweep m2-optimistic-writes: running=1 handed-off=5
[2026-05-17T19:09:42.228Z] sweep m2-optimistic-writes: running=1 handed-off=5
[2026-05-17T19:09:52.229Z] sweep m2-optimistic-writes: running=1 handed-off=5
[2026-05-17T19:10:02.230Z] sweep m2-optimistic-writes: running=1 handed-off=5
[2026-05-17T19:10:12.231Z] sweep m2-optimistic-writes: running=1 handed-off=5
[2026-05-17T19:10:22.232Z] sweep m2-optimistic-writes: running=1 handed-off=5
[2026-05-17T19:10:32.233Z] sweep m2-optimistic-writes: running=1 handed-off=5
[2026-05-17T19:10:42.236Z] sweep m2-optimistic-writes: running=1 handed-off=5
[2026-05-17T19:10:52.236Z] sweep m2-optimistic-writes: running=1 handed-off=5
[2026-05-17T19:11:02.237Z] sweep m2-optimistic-writes: running=1 handed-off=5
[2026-05-17T19:11:12.239Z] sweep m2-optimistic-writes: running=1 handed-off=5
[2026-05-17T19:11:22.240Z] sweep m2-optimistic-writes: running=1 handed-off=5
[2026-05-17T19:11:32.241Z] sweep m2-optimistic-writes: running=1 handed-off=5
[2026-05-17T19:11:42.243Z] sweep m2-optimistic-writes: running=1 handed-off=5
[2026-05-17T19:11:52.244Z] sweep m2-optimistic-writes: running=1 handed-off=5
[2026-05-17T19:12:02.245Z] sweep m2-optimistic-writes: running=1 handed-off=5
[2026-05-17T19:12:12.247Z] sweep m2-optimistic-writes: running=1 handed-off=5
[2026-05-17T19:12:22.248Z] sweep m2-optimistic-writes: running=1 handed-off=5
[2026-05-17T19:12:32.249Z] sweep m2-optimistic-writes: running=1 handed-off=5
[2026-05-17T19:12:42.251Z] sweep m2-optimistic-writes: running=1 handed-off=5
[2026-05-17T19:12:52.252Z] sweep m2-optimistic-writes: running=1 handed-off=5
[2026-05-17T19:13:02.254Z] sweep m2-optimistic-writes: running=1 handed-off=5
[2026-05-17T19:13:12.255Z] sweep m2-optimistic-writes: running=1 handed-off=5
[2026-05-17T19:13:22.257Z] sweep m2-optimistic-writes: running=1 handed-off=5
[2026-05-17T19:13:32.260Z] sweep m2-optimistic-writes: running=1 handed-off=5
[2026-05-17T19:13:42.262Z] sweep m2-optimistic-writes: running=1 handed-off=5
[2026-05-17T19:13:52.263Z] sweep m2-optimistic-writes: running=1 handed-off=5
[2026-05-17T19:14:02.264Z] sweep m2-optimistic-writes: running=1 handed-off=5
[2026-05-17T19:14:12.266Z] sweep m2-optimistic-writes: running=1 handed-off=5
[2026-05-17T19:14:22.267Z] sweep m2-optimistic-writes: running=1 handed-off=5
[2026-05-17T19:14:32.268Z] sweep m2-optimistic-writes: running=1 handed-off=5
[2026-05-17T19:14:42.270Z] sweep m2-optimistic-writes: running=1 handed-off=5
[2026-05-17T19:14:52.271Z] sweep m2-optimistic-writes: running=1 handed-off=5
[2026-05-17T19:15:02.272Z] sweep m2-optimistic-writes: running=1 handed-off=5
[2026-05-17T19:15:12.274Z] sweep m2-optimistic-writes: running=1 handed-off=5
[2026-05-17T19:15:22.275Z] sweep m2-optimistic-writes: running=1 handed-off=5
[2026-05-17T19:15:32.276Z] sweep m2-optimistic-writes: running=1 handed-off=5
[2026-05-17T19:15:42.277Z] sweep m2-optimistic-writes: running=1 handed-off=5
[2026-05-17T19:15:52.278Z] sweep m2-optimistic-writes: running=1 handed-off=5
[2026-05-17T19:16:02.280Z] sweep m2-optimistic-writes: running=1 handed-off=5
[2026-05-17T19:16:12.281Z] sweep m2-optimistic-writes: running=1 handed-off=5
[2026-05-17T19:16:22.282Z] sweep m2-optimistic-writes: running=1 handed-off=5
[2026-05-17T19:16:32.283Z] sweep m2-optimistic-writes: running=1 handed-off=5
[2026-05-17T19:16:42.285Z] sweep m2-optimistic-writes: running=1 handed-off=5
[2026-05-17T19:16:52.286Z] sweep m2-optimistic-writes: running=1 handed-off=5
[2026-05-17T19:17:02.287Z] sweep m2-optimistic-writes: running=1 handed-off=5
[2026-05-17T19:17:12.290Z] sweep m2-optimistic-writes: running=1 handed-off=5
[2026-05-17T19:17:22.291Z] sweep m2-optimistic-writes: running=1 handed-off=5
[2026-05-17T19:17:32.291Z] sweep m2-optimistic-writes: running=1 handed-off=5
[2026-05-17T19:17:42.293Z] sweep m2-optimistic-writes: running=1 handed-off=5
[2026-05-17T19:17:52.294Z] sweep m2-optimistic-writes: running=1 handed-off=5
[2026-05-17T19:18:02.295Z] sweep m2-optimistic-writes: running=1 handed-off=5
[2026-05-17T19:18:12.298Z] sweep m2-optimistic-writes: running=1 handed-off=5
[2026-05-17T19:18:22.298Z] sweep m2-optimistic-writes: running=1 handed-off=5
[2026-05-17T19:18:32.299Z] sweep m2-optimistic-writes: running=1 handed-off=5
[2026-05-17T19:18:42.301Z] sweep m2-optimistic-writes: running=1 handed-off=5
[2026-05-17T19:18:52.302Z] sweep m2-optimistic-writes: running=1 handed-off=5
[2026-05-17T19:19:02.304Z] sweep m2-optimistic-writes: running=1 handed-off=5
[2026-05-17T19:19:12.306Z] sweep m2-optimistic-writes: running=1 handed-off=5
[2026-05-17T19:19:22.307Z] sweep m2-optimistic-writes: running=1 handed-off=5
[2026-05-17T19:19:32.308Z] sweep m2-optimistic-writes: running=1 handed-off=5
[2026-05-17T19:19:42.309Z] sweep m2-optimistic-writes: running=1 handed-off=5
[2026-05-17T19:19:52.310Z] sweep m2-optimistic-writes: running=1 handed-off=5
[2026-05-17T19:20:02.312Z] sweep m2-optimistic-writes: running=1 handed-off=5
[2026-05-17T19:20:12.314Z] sweep m2-optimistic-writes: running=1 handed-off=5
[2026-05-17T19:20:22.315Z] sweep m2-optimistic-writes: running=1 handed-off=5
[2026-05-17T19:20:32.316Z] sweep m2-optimistic-writes: running=1 handed-off=5
[2026-05-17T19:20:42.317Z] sweep m2-optimistic-writes: running=1 handed-off=5
[2026-05-17T19:20:52.318Z] sweep m2-optimistic-writes: running=1 handed-off=5
[2026-05-17T19:21:02.321Z] sweep m2-optimistic-writes: running=1 handed-off=5
[2026-05-17T19:21:12.323Z] sweep m2-optimistic-writes: running=1 handed-off=5
[2026-05-17T19:21:22.324Z] sweep m2-optimistic-writes: running=1 handed-off=5
[2026-05-17T19:21:32.324Z] sweep m2-optimistic-writes: running=1 handed-off=5
[2026-05-17T19:21:42.326Z] sweep m2-optimistic-writes: running=1 handed-off=5
[2026-05-17T19:21:52.327Z] sweep m2-optimistic-writes: running=1 handed-off=5
[2026-05-17T19:22:02.329Z] sweep m2-optimistic-writes: running=1 handed-off=5
[2026-05-17T19:22:12.331Z] sweep m2-optimistic-writes: running=1 handed-off=5
[2026-05-17T19:22:22.332Z] sweep m2-optimistic-writes: running=1 handed-off=5
[2026-05-17T19:22:32.333Z] sweep m2-optimistic-writes: running=1 handed-off=5
[2026-05-17T19:22:42.334Z] sweep m2-optimistic-writes: running=1 handed-off=5
[2026-05-17T19:22:52.335Z] sweep m2-optimistic-writes: running=1 handed-off=5
[2026-05-17T19:23:02.337Z] sweep m2-optimistic-writes: running=1 handed-off=5
[2026-05-17T19:23:12.339Z] sweep m2-optimistic-writes: running=1 handed-off=5
[2026-05-17T19:23:22.340Z] sweep m2-optimistic-writes: running=1 handed-off=5
[2026-05-17T19:23:32.341Z] sweep m2-optimistic-writes: running=1 handed-off=5
[2026-05-17T19:23:42.343Z] sweep m2-optimistic-writes: running=1 handed-off=5
[2026-05-17T19:23:52.344Z] sweep m2-optimistic-writes: running=1 handed-off=5
[2026-05-17T19:24:02.347Z] sweep m2-optimistic-writes: running=1 handed-off=5
[2026-05-17T19:24:12.349Z] sweep m2-optimistic-writes: running=1 handed-off=5
[2026-05-17T19:24:22.350Z] sweep m2-optimistic-writes: running=1 handed-off=5
[2026-05-17T19:24:32.351Z] sweep m2-optimistic-writes: running=1 handed-off=5
[2026-05-17T19:24:42.353Z] sweep m2-optimistic-writes: running=1 handed-off=5
[2026-05-17T19:24:52.354Z] sweep m2-optimistic-writes: running=1 handed-off=5
[2026-05-17T19:25:02.356Z] sweep m2-optimistic-writes: running=1 handed-off=5
[2026-05-17T19:25:12.357Z] sweep m2-optimistic-writes: running=1 handed-off=5
[2026-05-17T19:25:22.358Z] sweep m2-optimistic-writes: running=1 handed-off=5
[2026-05-17T19:25:32.360Z] sweep m2-optimistic-writes: running=1 handed-off=5
[2026-05-17T19:25:42.362Z] sweep m2-optimistic-writes: running=1 handed-off=5
[2026-05-17T19:25:52.364Z] sweep m2-optimistic-writes: running=1 handed-off=5
[2026-05-17T19:26:02.365Z] sweep m2-optimistic-writes: running=1 handed-off=5
[2026-05-17T19:26:12.368Z] sweep m2-optimistic-writes: running=1 handed-off=5
[2026-05-17T19:26:22.370Z] sweep m2-optimistic-writes: running=1 handed-off=5
[2026-05-17T19:26:32.370Z] sweep m2-optimistic-writes: running=1 handed-off=5
[2026-05-17T19:26:42.372Z] sweep m2-optimistic-writes: running=1 handed-off=5
[2026-05-17T19:26:52.373Z] sweep m2-optimistic-writes: running=1 handed-off=5
[2026-05-17T19:27:02.376Z] sweep m2-optimistic-writes: running=1 handed-off=5
[2026-05-17T19:27:12.378Z] sweep m2-optimistic-writes: running=1 handed-off=5
[2026-05-17T19:27:22.379Z] sweep m2-optimistic-writes: running=1 handed-off=5
[2026-05-17T19:27:32.380Z] sweep m2-optimistic-writes: running=1 handed-off=5
[2026-05-17T19:27:42.384Z] sweep m2-optimistic-writes: running=1 handed-off=5
[2026-05-17T19:27:52.386Z] sweep m2-optimistic-writes: running=1 handed-off=5
[2026-05-17T19:28:02.387Z] sweep m2-optimistic-writes: running=1 handed-off=5
[2026-05-17T19:28:12.389Z] sweep m2-optimistic-writes: running=1 handed-off=5
[2026-05-17T19:28:22.390Z] sweep m2-optimistic-writes: running=1 handed-off=5
[2026-05-17T19:28:32.391Z] sweep m2-optimistic-writes: running=1 handed-off=5
[2026-05-17T19:28:42.393Z] sweep m2-optimistic-writes: running=1 handed-off=5
[2026-05-17T19:28:52.394Z] sweep m2-optimistic-writes: running=1 handed-off=5
[2026-05-17T19:29:02.395Z] sweep m2-optimistic-writes: running=1 handed-off=5
[2026-05-17T19:29:12.397Z] sweep m2-optimistic-writes: running=1 handed-off=5
[2026-05-17T19:29:22.399Z] sweep m2-optimistic-writes: running=1 handed-off=5
[2026-05-17T19:29:32.400Z] sweep m2-optimistic-writes: running=1 handed-off=5
[2026-05-17T19:29:42.402Z] sweep m2-optimistic-writes: running=1 handed-off=5
[2026-05-17T19:29:52.404Z] sweep m2-optimistic-writes: running=1 handed-off=5
[2026-05-17T19:30:02.404Z] sweep m2-optimistic-writes: running=1 handed-off=5
[2026-05-17T19:30:12.406Z] sweep m2-optimistic-writes: running=1 handed-off=5
[2026-05-17T19:30:22.407Z] sweep m2-optimistic-writes: running=1 handed-off=5
[2026-05-17T19:30:32.408Z] sweep m2-optimistic-writes: running=1 handed-off=5
[2026-05-17T19:30:42.409Z] sweep m2-optimistic-writes: running=1 handed-off=5
[2026-05-17T19:30:52.410Z] sweep m2-optimistic-writes: running=1 handed-off=5
[2026-05-17T19:31:02.411Z] sweep m2-optimistic-writes: running=1 handed-off=5
[2026-05-17T19:31:12.413Z] sweep m2-optimistic-writes: running=1 handed-off=5
[2026-05-17T19:31:22.414Z] sweep m2-optimistic-writes: running=1 handed-off=5
[2026-05-17T19:31:32.416Z] sweep m2-optimistic-writes: running=1 handed-off=5
[2026-05-17T19:31:42.417Z] sweep m2-optimistic-writes: running=1 handed-off=5
[2026-05-17T19:31:52.418Z] sweep m2-optimistic-writes: running=1 handed-off=5
[2026-05-17T19:32:02.419Z] sweep m2-optimistic-writes: running=1 handed-off=5
[2026-05-17T19:32:12.421Z] sweep m2-optimistic-writes: running=1 handed-off=5
[2026-05-17T19:32:22.422Z] sweep m2-optimistic-writes: running=1 handed-off=5
[2026-05-17T19:32:32.423Z] sweep m2-optimistic-writes: running=1 handed-off=5
[2026-05-17T19:32:42.424Z] sweep m2-optimistic-writes: running=1 handed-off=5
[2026-05-17T19:32:52.426Z] sweep m2-optimistic-writes: running=1 handed-off=5
[2026-05-17T19:33:02.428Z] sweep m2-optimistic-writes: running=1 handed-off=5
[2026-05-17T19:33:12.430Z] sweep m2-optimistic-writes: running=1 handed-off=5
[2026-05-17T19:33:22.431Z] sweep m2-optimistic-writes: running=1 handed-off=5
[2026-05-17T19:33:32.434Z] sweep m2-optimistic-writes: running=1 handed-off=5
[2026-05-17T19:33:42.436Z] sweep m2-optimistic-writes: running=1 handed-off=5
[2026-05-17T19:33:52.440Z] sweep m2-optimistic-writes: running=1 handed-off=5
[2026-05-17T19:34:02.442Z] sweep m2-optimistic-writes: running=1 handed-off=5
[2026-05-17T19:34:12.443Z] sweep m2-optimistic-writes: running=1 handed-off=5
[2026-05-17T19:34:22.444Z] sweep m2-optimistic-writes: running=1 handed-off=5
[2026-05-17T19:34:32.444Z] sweep m2-optimistic-writes: running=1 handed-off=5
[2026-05-17T19:34:42.445Z] sweep m2-optimistic-writes: running=1 handed-off=5
[2026-05-17T19:34:52.446Z] sweep m2-optimistic-writes: running=1 handed-off=5
[2026-05-17T19:35:02.448Z] sweep m2-optimistic-writes: running=1 handed-off=5
[2026-05-17T19:35:12.450Z] sweep m2-optimistic-writes: handed-off=6

orchestrate summary (m2-optimistic-writes):
  handed-off: 6
  handoffs written to: /workspace/.orchestrate/m2-optimistic-writes/handoffs
    - handoffs/m2-mutation-engine.md
    - handoffs/m2-mutation-handlers.md
    - handoffs/m2-offline-and-queue.md
    - handoffs/m2-ipc-and-frontend.md
    - handoffs/m2-finalize.md
    - handoffs/m2-verify.md
  attention entries: 17 (see /workspace/.orchestrate/m2-optimistic-writes/attention.log)
